"id","PID","ucivit_id","date.time","age","gender","education","alarm","fire","fractions","percent","tip","shirt","newspaper","prob1","prob2","howoften","input1","input2","input3","input4","input5","input6","sub_n1","sub_n2","numeracy","baserate","baserate_avg","true_positive","true_positive_avg","false_alarm","false_alarm_avg","correct_answer","given_answer","numerical_format","condition","correctness","bias_error","answer1","answer2","amazon_codex","Wave"
2,1,"4bc3d0208e52f244",1531925170588.45,27,"m",3,3,3,4,2,3,4,5,5,3,2,1,30,1,50,2,60,3.25,3.75,3.5,0.033,-1,0.02,-1,0.033,-1,0.02,0.1,"frequency",1,0,0.698970004336019,1,10,"YNSLEX",1
3,1,"62a65b29cebde671",1531925242252.42,23,"f",3,3,2,6,4,6,6,4,6,2,2,1,300,50,60,40,100,5.5,3.5,4.5,0.003,-1,0.833,-1,0.4,-1,0.006,0,"frequency",1,1,0,1,500,"HNDHT3",1
6,1,"b251bf10ccc50e7a",1531925297118.6,29,"m",4,1,1,5,4,5,6,6,5,6,1,10,100,0,100,10,100,5,4.5,4.75,0.1,-1,0,-1,0.1,-1,0,0,"frequency",1,1,0,0,100,"LKJZCE",1
9,3,"ca9e52483797a086",1531925363820.19,22,"f",3,2,1,6,6,5,6,6,1,1,1,1,1000,1,2,1,100,5.75,2.25,4,0.001,-1,0.5,-1,0.01,-1,0.048,0.25,"frequency",1,0,0.71669877129645,250,1000,"URVIX1",1
10,1,"257e8120698f741f",1531925366987.22,21,"m",2,4,2,2,4,5,5,4,3,3,3,1,10,998,1000,7,10,4,3.25,3.63,0.1,-1,0.998,-1,0.7,-1,0.137,1,"frequency",1,0,0.863279432843593,1,1,"WWT0CV",1
11,1,"9cc656ad20ee6145",1531925408322.74,31,"f",3,3,3,5,5,5,5,6,4,4,2,5,10,6,10,6,10,5,4,4.5,0.5,-1,0.6,-1,0.6,-1,0.5,0.4,"frequency",1,0,0.0969100130080564,2,5,"28LGN9",1
14,1,"26d17e6b7a9e853c",1531925490254.41,47,"f",3,3,2,2,2,2,2,4,2,5,3,10,100,95,100,30,100,2,3.5,2.75,0.1,-1,0.95,-1,0.3,-1,0.26,0.1,"frequency",1,0,0.414973347970818,95,1000,"I22QQA",1
22,1,"4e563c8390b7bd4a",1531925579293.22,36,"m",3,2,1,5,5,6,5,6,5,2,1,1,100,1,10,9,10,5.25,3.5,4.38,0.01,-1,0.1,-1,0.9,-1,0.001,0,"frequency",1,1,0,1,892,"S0O4WM",1
24,8,"bc0ef108285e31ab",1531925626585.61,55,"f",3,2,1,4,4,4,4,6,5,2,1,5,100,15,100,1,100,4,3.5,3.75,0.05,-1,0.15,-1,0.01,-1,0.441,0.05,"frequency",1,0,0.94546858513182,50,1000,"7I9XIN",1
25,16,"0c260369756656d5",1531925645289.32,35,"f",3,2,1,4,6,6,6,6,6,1,1,1,20,1,20,20,30,5.5,3.5,4.5,0.05,-1,0.05,-1,0.667,-1,0.004,0.5,"frequency",1,0,2.09691001300806,50,100,"KTBAHX",1
30,27,"7d869f8c9adb6167",1531925746159.23,23,"f",2,3,2,2,2,1,2,2,2,2,4,1,5,1,2,1,4,1.75,2.5,2.13,0.2,-1,0.5,-1,0.25,-1,0.333,0.33,"frequency",1,1,0.0039302936284324,20,60,"EJO60L",1
31,18,"b19f96bf3b671fdb",1531925828189.36,50,"f",2,2,1,1,1,5,5,2,1,6,5,1,1000,950,1000,50,1000,3,3.5,3.25,0.001,-1,0.95,-1,0.05,-1,0.019,0,"frequency",1,0,0,1,1000,"9JBQAI",1
32,22,"1d1564e2ec6b1f34",1531925850697.99,26,"m",3,2,1,4,4,5,5,5,5,5,1,2,100,50,100,50,100,4.5,4,4.25,0.02,-1,0.5,-1,0.5,-1,0.02,0.01,"frequency",1,1,0.301029995663981,10,1000,"OTF2JG",1
33,30,"b2a7a53ec0b1d91c",1531925881713.69,38,"f",2,2,2,4,5,5,6,4,2,1,1,1,5000,1,10000,3,200,5,2,3.5,0,-1,0,-1,0.015,-1,0,0.99,"frequency",1,0,0,99,100,"LW53EU",1
37,18,"981ba1275c86f91c",1531925912559.85,32,"m",3,2,2,2,3,2,3,3,5,2,3,1,900,1,10000,1,1000,2.5,3.25,2.88,0.001,-1,0,-1,0.001,-1,0,0,"frequency",1,1,0,1,999,"AMAH2D",1
38,31,"bf0c631b0655da28",1531925976721.8,29,"f",4,5,4,6,6,4,6,5,3,5,1,20,30,50,55,25,35,5.5,3.5,4.5,0.667,-1,0.909,-1,0.714,-1,0.718,0.67,"frequency",1,0,0.0300496415414739,100,150,"1BDSBG",1
45,19,"f3c7714720cd9be3",1531926263267.69,27,"m",3,4,2,5,5,5,5,4,2,4,3,2,10,2,10,8,10,5,3.25,4.13,0.2,-1,0.2,-1,0.8,-1,0.059,0.06,"frequency",1,1,0.00729923874149942,40,680,"ZD1GBC",1
48,43,"71ab5ea4f1ff5f0b",1531926517512.49,56,"m",3,3,2,5,5,6,6,4,5,1,1,1,1000,999,1000,1,10,5.5,2.75,4.13,0.001,-1,0.999,-1,0.1,-1,0.01,0.01,"frequency",1,1,0,1,101,"7F9FAD",1
60,59,"8e0ee5f7e0b756db",1531927818667.03,38,"m",3,3,1,6,5,4,6,6,1,2,2,1,100,1,100,1,100,5.25,2.75,4,0.01,-1,0.01,-1,0.01,-1,0.01,0.25,"frequency",1,0,1.39794000867204,1,4,"TFVKYU",1
63,59,"2037ae7743823df1",1531928015720.49,24,"m",3,3,1,3,5,5,3,5,2,4,3,30,100,5,100,70,100,4,3.5,3.75,0.3,-1,0.05,-1,0.7,-1,0.03,0.03,"frequency",1,1,0,30,1000,"E541EQ",1
67,66,"7efdca3c9a88c1da",1531928928899.26,54,"m",2,2,1,5,6,6,6,6,5,2,2,40,100,85,100,15,100,5.75,3.75,4.75,0.4,-1,0.85,-1,0.15,-1,0.791,0.8,"frequency",1,1,0.00491350349426708,80,100,"PZ4MH3",1
68,67,"8780dc63e3449ab8",1531929054090.99,35,"m",3,3,4,6,2,1,2,2,6,2,3,1,1000,999,1000,10,1000,2.75,3.25,3,0.001,-1,0.999,-1,0.01,-1,0.091,0.5,"frequency",1,0,0.739928612014925,500,1000,"1039KX",1
73,73,"fa25e78dc5acea62",1531929812397.1,24,"m",3,2,1,2,2,4,1,6,6,1,2,5,25,90,100,25,100,2.25,3.75,3,0.2,-1,0.9,-1,0.25,-1,0.474,0.18,"frequency",1,0,0.420505836570779,180,1000,"LAA8N1",1
74,72,"be73ff33db9edbc4",1531930002255.89,40,"m",4,4,3,3,4,4,4,4,3,5,3,10,100,15,100,25,100,3.75,3.75,3.75,0.1,-1,0.15,-1,0.25,-1,0.063,0.15,"frequency",1,0,0.376750709602099,15,100,"JM3QNP",1
79,79,"4e5a60914a455ca2",1531930764787.16,33,"f",1,2,5,2,3,4,4,3,2,1,3,3,33,3,33,4,44,3.25,2.25,2.75,0.091,-1,0.091,-1,0.091,-1,0.091,0.07,"frequency",1,0,0.113943352306837,3,44,"KW52VR",1
83,83,"6ad115ab6b52bb65",1531931877996.46,25,"f",3,3,1,4,4,5,5,3,4,3,2,3,5,2,5,2,5,4.5,3,3.75,0.6,-1,0.4,-1,0.4,-1,0.6,0.6,"frequency",1,1,0,3,5,"FVDO7P",1
88,86,"a7533ab10f322ecc",1531932323410.41,44,"f",3,2,1,3,5,6,6,3,4,2,3,1,10,1,3,1,4,5,3,4,0.1,-1,0.333,-1,0.25,-1,0.129,0.02,"frequency",1,0,0.809559714635268,1,50,"5S4U2H",1
89,89,"dffe68ea82b1944c",1531932581815.09,27,"f",3,2,1,5,5,3,3,2,1,6,3,3,100,3,100,27,100,4,3,3.5,0.03,-1,0.03,-1,0.27,-1,0.003,0,"frequency",1,1,0,1,1000,"9AER0S",1
95,91,"5290419a9943f3b4",1531933410224.27,24,"m",3,3,3,6,5,5,6,6,5,5,1,4,10,3,10,8,10,5.5,4.25,4.88,0.4,-1,0.3,-1,0.8,-1,0.2,0.3,"frequency",1,0,0.176091259055681,3,10,"JI5DUK",1
99,97,"6baf7a40b695a444",1531933804173.64,30,"f",4,3,1,2,5,5,5,3,1,6,3,27,100,100,100,90,100,4.25,3.25,3.75,0.27,-1,1,-1,0.9,-1,0.291,0.27,"frequency",1,0,0.0325292248269199,270,1000,"F0Y2H4",1
100,96,"0df316ed6c4362c5",1531933857892.44,55,"f",3,3,2,3,3,4,4,4,5,5,2,1,100,88,100,27,100,3.5,4,3.75,0.01,-1,0.88,-1,0.27,-1,0.032,0.5,"frequency",1,0,1.19382002601611,50,100,"IGLEU1",1
13,2,"53f3d2c03d2ca4f4",1531925484671.1,51,"f",2,2,2,3,5,5,5,2,4,4,3,20,68,35,NA,NA,NA,4.5,3.25,3.88,0.2,-1,0.68,-1,0.35,-1,0.327,0.75,"probability",2,0,0.360513510731414,75,NA,"PGLXY4",1
19,13,"1f351b06067fcd0c",1531925550425.12,25,"m",4,2,1,6,6,6,6,6,6,6,1,7,8,11,NA,NA,NA,6,4.75,5.38,0.07,-1,0.08,-1,0.11,-1,0.052,0.25,"probability",2,0,0.681936665037238,25,NA,"FZXGS0",1
27,9,"41de3097c133a4d8",1531925671429.41,57,"f",3,2,2,1,2,3,4,2,1,1,2,10,10,15,NA,NA,NA,2.5,1.5,2,0.1,-1,0.1,-1,0.15,-1,0.069,0.1,"probability",2,0,0.161150909262745,10,NA,"F2CCP3",1
28,11,"930c911759dda248",1531925673548.98,33,"f",4,3,3,4,4,4,5,4,4,2,2,20,80,20,NA,NA,NA,4.25,3,3.63,0.2,-1,0.8,-1,0.2,-1,0.5,0.8,"probability",2,0,0.204119982655925,80,NA,"Z0OK4G",1
34,1,"3a03596793b42d62",1531925886830.8,55,"m",3,2,2,5,5,6,6,6,5,5,1,6,96,27,NA,NA,NA,5.5,4.25,4.88,0.06,-1,0.96,-1,0.27,-1,0.185,0.96,"probability",2,0,0.715099504636555,96,NA,"Q3DHIW",1
35,26,"978aee5e3a0be45a",1531925891859.84,34,"m",2,2,2,6,6,6,6,6,6,1,1,10,10,90,NA,NA,NA,6,3.5,4.75,0.1,-1,0.1,-1,0.9,-1,0.012,0.1,"probability",2,0,0.920818753952375,10,NA,"CVZURL",1
40,31,"8ef13cd072d0bdb0",1531926036193.92,36,"f",3,4,4,4,4,5,3,5,5,2,2,20,70,30,NA,NA,NA,4,3.5,3.75,0.2,-1,0.7,-1,0.3,-1,0.368,0.7,"probability",2,0,0.279250221340739,70,NA,"0YKDFJ",1
44,42,"4a8a0726d18ff0e0",1531926189832.17,28,"f",3,4,2,5,5,5,6,4,5,2,2,10,10,90,NA,NA,NA,5.25,3.25,4.25,0.1,-1,0.1,-1,0.9,-1,0.012,0.25,"probability",2,0,1.31875876262441,25,NA,"Z8KZMV",1
49,47,"b6942984295040af",1531926600768.75,23,"m",3,4,1,6,6,6,6,5,6,1,1,5,74,90,NA,NA,NA,6,3.25,4.63,0.05,-1,0.74,-1,0.9,-1,0.041,0.04,"probability",2,1,0.0107238653917731,4,NA,"WXXV4Q",1
50,48,"c19b08027067b18f",1531926668038.05,37,"f",3,3,2,5,5,5,5,3,3,1,2,5,80,40,NA,NA,NA,5,2.25,3.63,0.05,-1,0.8,-1,0.4,-1,0.095,0.16,"probability",2,0,0.226396377367077,16,NA,"7120QP",1
53,49,"854d0b0a65e8a894",1531926754249.56,26,"f",4,3,2,6,6,5,6,6,3,5,2,15,95,5,NA,NA,NA,5.75,4,4.88,0.15,-1,0.95,-1,0.05,-1,0.77,0.95,"probability",2,0,0.0912328801163658,95,NA,"IMKT8J",1
54,54,"dfbce05b96352c88",1531927216698.19,21,"m",3,1,1,2,3,3,2,3,2,1,2,25,35,45,NA,NA,NA,2.5,2,2.25,0.25,-1,0.35,-1,0.45,-1,0.206,0.68,"probability",2,0,0.518641692337083,68,NA,"J2NEFF",1
55,54,"d100198a4e6f9710",1531927245638.28,29,"m",4,3,3,5,4,4,4,5,2,2,3,27,27,27,NA,NA,NA,4.25,3,3.63,0.27,-1,0.27,-1,0.27,-1,0.27,0.73,"probability",2,0,0.431959095961468,73,NA,"MMFGAN",1
61,59,"d0efd1c7a18a2378",1531927886869.77,18,"m",3,3,1,6,6,6,6,6,6,1,1,2,98,5,NA,NA,NA,6,3.5,4.75,0.02,-1,0.98,-1,0.05,-1,0.286,0.95,"probability",2,0,0.521357572159805,95,NA,"321SWX",1
62,61,"7fc357422b67866f",1531927997494.28,28,"m",3,1,1,2,5,3,6,6,5,2,2,1,30,80,NA,NA,NA,4,3.75,3.88,0.01,-1,0.3,-1,0.8,-1,0.004,0.8,"probability",2,0,2.30102999566398,80,NA,"FLBSFR",1
71,69,"aa15e3ceb1503768",1531929473524.48,41,"m",2,3,2,5,5,5,5,6,6,1,1,3,88,25,NA,NA,NA,5,3.5,4.25,0.03,-1,0.88,-1,0.25,-1,0.098,0.88,"probability",2,0,0.953256596457674,88,NA,"I7M1BV",1
76,76,"295131851f8119b3",1531930373145.96,41,"f",4,2,1,6,6,6,6,6,6,6,1,27,73,27,NA,NA,NA,6,4.75,5.38,0.27,-1,0.73,-1,0.27,-1,0.5,0.27,"probability",2,0,0.267606240177031,27,NA,"R204OV",1
80,80,"428640046938c0cb",1531931025589.56,30,"f",2,4,4,3,4,1,1,6,5,6,2,5,10,15,NA,NA,NA,2.25,4.75,3.5,0.05,-1,0.1,-1,0.15,-1,0.034,0.1,"probability",2,0,0.468521082957745,10,NA,"HK5FCT",1
81,80,"aaae2db63cf76d5e",1531931047175.06,25,"m",3,4,3,5,3,4,5,5,5,3,2,13,50,50,NA,NA,NA,4.25,3.75,4,0.13,-1,0.5,-1,0.5,-1,0.13,0.5,"probability",2,0,0.585026652029182,50,NA,"081ZOX",1
84,83,"c1081ff52c39c0d6",1531932067772.05,37,"m",4,3,1,4,5,5,5,5,1,5,2,5,85,20,NA,NA,NA,4.75,3.25,4,0.05,-1,0.85,-1,0.2,-1,0.183,0.85,"probability",2,0,0.666967835983863,85,NA,"8D2BVD",1
86,83,"7405fe2e85822a9f",1531932163638.97,25,"m",3,2,2,3,3,3,4,5,4,3,2,10,85,15,NA,NA,NA,3.25,3.5,3.38,0.1,-1,0.85,-1,0.15,-1,0.386,0.85,"probability",2,0,0.342831621042538,85,NA,"EA1WIG",1
87,83,"d96527e2eadc0397",1531932221433.01,62,"f",4,1,1,5,5,5,5,6,4,4,1,2,1,1,NA,NA,NA,5,3.75,4.38,0.02,-1,0.01,-1,0.01,-1,0.02,0.02,"probability",2,1,0,2,NA,"WSD6CY",1
90,90,"2709fce1ae59ef68",1531932860325.28,54,"f",2,3,2,5,5,6,6,5,6,1,2,15,73,27,NA,NA,NA,5.5,3.5,4.5,0.15,-1,0.73,-1,0.27,-1,0.323,0.73,"probability",2,0,0.354120337789353,73,NA,"HUD0NY",1
93,91,"e58afb96cba51e21",1531933234448.76,27,"f",3,4,1,2,2,4,2,6,2,5,3,27,20,80,NA,NA,NA,2.5,4,3.25,0.27,-1,0.2,-1,0.8,-1,0.085,0.73,"probability",2,0,0.933903934406163,73,NA,"YE8RKN",1
94,93,"46c5ebf2c8643a0a",1531933378938.71,28,"f",2,3,3,4,4,4,4,4,4,4,3,5,50,50,NA,NA,NA,4,3.75,3.88,0.05,-1,0.5,-1,0.5,-1,0.05,0.95,"probability",2,0,1.27875360095283,95,NA,"CROLVM",1
97,94,"a7b36445d2022eee",1531933718077.75,65,"f",4,3,1,4,5,5,6,6,6,4,1,5,98,10,NA,NA,NA,5,4.25,4.63,0.05,-1,0.98,-1,0.1,-1,0.34,0.05,"probability",2,0,0.832508912706236,5,NA,"X6LZ4V",1
101,97,"d69fba5485c51c63",1531933977084.96,66,"m",3,4,2,5,5,6,6,6,5,5,2,27,100,27,NA,NA,NA,5.5,4.5,5,0.27,-1,1,-1,0.27,-1,0.578,1,"probability",2,0,0.238072161579471,100,NA,"T6UM2I",1
2,2,"2dba800c3449b11f",1532438509043.23,25,"m",3,4,3,5,4,3,4,5,4,5,2,75,100,75,100,25,100,4,4,4,0.75,-1,0.75,-1,0.25,-1,0.9,0.75,"frequency",1,0,0.0791812460476249,750,1000,"287I4E",1
6,3,"93b196afcb632570",1532438876273.35,37,"f",3,3,1,1,4,6,6,6,1,6,1,15,100,80,100,10,100,4.25,3.5,3.88,0.15,-1,0.8,-1,0.1,-1,0.585,0.12,"frequency",1,0,0.687974620034556,120,1000,"AMGQV4",1
7,3,"1fa6aa766822f112",1532438917313.27,31,"f",3,5,2,4,5,6,5,5,5,1,1,1,900,1,1,1,10,5,3,4,0.001,-1,1,-1,0.1,-1,0.01,0,"frequency",1,1,0,1,1000,"IW9N35",1
8,3,"d15099113305df47",1532439002127.5,43,"f",3,2,2,5,5,5,6,5,6,1,1,1,800,1,100,99,100,5.25,3.25,4.25,0.001,-1,0.01,-1,0.99,-1,0,0,"frequency",1,1,0,1,1000,"E4GFS8",1
9,4,"8573dbef804de76d",1532439035561.69,56,"f",4,2,1,4,4,5,5,5,6,1,1,1,10000,80,100,99,100,4.5,3.25,3.88,0,-1,0.8,-1,0.99,-1,0,0,"frequency",1,1,0,1,10000,"87N18C",1
11,8,"e41b5428cefc37e7",1532439167997.72,30,"f",4,3,1,6,6,6,6,6,6,1,2,3,100,10,100,90,100,6,3.75,4.88,0.03,-1,0.1,-1,0.9,-1,0.003,0,"frequency",1,1,0,3,1000,"AO6MJA",1
12,10,"a5b585a5bd4b5fc2",1532439288451.85,25,"m",4,3,1,6,6,6,6,6,5,1,1,1,500,9,10,1,100,6,3.25,4.63,0.002,-1,0.9,-1,0.01,-1,0.153,0.17,"frequency",1,0,0.0457574905606751,1,6,"NR49KS",1
16,12,"fad81ff6d48d7719",1532439436878.01,35,"m",3,3,3,3,6,6,2,1,1,6,3,1,100,100,1000,10,1000,4.25,2.75,3.5,0.01,-1,0.1,-1,0.01,-1,0.092,0.4,"frequency",1,0,0.638272163982407,4,10,"0ER3X9",1
17,10,"804dd6e4a8c3a9cd",1532439439136.5,31,"f",2,3,1,3,3,3,4,5,2,2,2,1,200,1,100,25,100,3.25,2.75,3,0.005,-1,0.01,-1,0.25,-1,0,0,"frequency",1,1,0,0,1000,"DPHWT1",1
19,12,"0d29067fda98ce02",1532439538246.92,37,"m",4,3,2,4,5,5,5,6,4,2,2,2,10,9,10,6,10,4.75,3.5,4.13,0.2,-1,0.9,-1,0.6,-1,0.273,0.18,"frequency",1,0,0.18089014193745,18,100,"F7QEIC",1
20,13,"c6db97b3bfff5dfc",1532439603314.36,30,"f",3,5,2,6,6,6,6,6,4,1,2,1,1000,98,100,2,100,6,3.25,4.63,0.001,-1,0.98,-1,0.02,-1,0.047,0.05,"frequency",1,1,0.0268721464003013,1,21,"N0L010",1
21,15,"c4e42accc7befb6c",1532439682479.51,33,"f",4,2,1,2,4,2,5,6,5,3,1,10,100,30,100,10,100,3.25,3.75,3.5,0.1,-1,0.3,-1,0.1,-1,0.25,0.5,"frequency",1,0,0.301029995663981,2,4,"QWU9O4",1
22,18,"6fcbacc8a71fe69f",1532439743683.46,32,"m",3,2,3,6,6,6,6,2,1,6,1,1,1000,1,10,9,10,6,2.5,4.25,0.001,-1,0.1,-1,0.9,-1,0,0,"frequency",1,1,0,0,1000,"2ZBKNK",1
24,22,"2595803230288334",1532439886551.43,37,"m",2,1,1,3,3,3,5,5,4,4,2,5,100,50,1000,1,10,3.5,3.75,3.63,0.05,-1,0.05,-1,0.1,-1,0.026,0.05,"frequency",1,0,0.283996656365201,50,1000,"OKJESA",1
25,18,"b9984f337451a12e",1532439900008.55,42,"f",4,3,2,3,3,5,5,5,5,2,2,1,50000,19,20,1,3,4,3.5,3.75,0,-1,0.95,-1,0.333,-1,0,0,"frequency",1,1,0,0,1000,"O9026I",1
26,21,"9afda8d521bee1df",1532439956529.56,28,"m",4,3,3,5,6,6,6,5,6,1,1,15,100,90,100,25,100,5.75,3.25,4.5,0.15,-1,0.9,-1,0.25,-1,0.388,0.14,"frequency",1,0,0.442703689915969,135,1000,"OQ26U9",1
27,22,"4211888bb3fea4f4",1532439969438.1,56,"f",3,3,2,5,5,6,6,5,5,2,2,1,4000,99,100,1,50,5.5,3.5,4.5,0,-1,0.99,-1,0.02,-1,0,0,"frequency",1,1,0,0,1000,"67BCWT",1
28,24,"f72c9fcaf75620a5",1532440047902.91,29,"f",4,3,1,5,6,6,6,4,5,2,2,1,100,1,50,1,25,5.75,3.25,4.5,0.01,-1,0.02,-1,0.04,-1,0.005,0,"frequency",1,1,0,0,10,"UG0TGK",1
32,26,"afbd17bf5a5f497b",1532440261183.87,45,"m",4,3,2,5,5,5,5,6,5,5,1,3,10,1,10,1,10,5,4.25,4.63,0.3,-1,0.1,-1,0.1,-1,0.3,0.3,"frequency",1,1,0,300,1000,"7TN6PN",1
33,28,"9d44dc6dfcbe1719",1532440350362.65,25,"f",3,3,3,1,4,4,4,3,1,6,3,10,101,1,100,15,100,3.25,3.25,3.25,0.099,-1,0.01,-1,0.15,-1,0.007,0.1,"frequency",1,0,1.15490195998574,100,1000,"GR85V1",1
34,30,"de8ff7c3dda1ba8c",1532440388184.48,33,"m",3,3,1,4,4,5,5,5,6,1,1,1,1000,200,1000,800,1000,4.5,3.25,3.88,0.001,-1,0.2,-1,0.8,-1,0,0,"frequency",1,1,0,0,1000,"XMSY5J",1
35,30,"3fa754e61d4f87ee",1532440425922.95,43,"f",3,3,1,4,4,5,5,5,5,2,1,5,100,80,100,10,100,4.5,3.25,3.88,0.05,-1,0.8,-1,0.1,-1,0.296,0.05,"frequency",1,0,0.77232170672292,50,1000,"2Q6TZ2",1
38,33,"7c8bb8e2e4d044a4",1532440714579.78,23,"m",3,4,4,6,6,6,6,6,6,6,1,1,3,3,5,3,5,6,4.75,5.38,0.333,-1,0.6,-1,0.6,-1,0.333,0,"frequency",1,0,0,1,1000,"Q7GOEN",1
39,33,"67142dfcc20c99d6",1532440766846.99,36,"m",3,3,1,6,6,6,6,6,5,2,1,1,100,97,100,10,100,6,3.5,4.75,0.01,-1,0.97,-1,0.1,-1,0.089,0.01,"frequency",1,0,0.949390006644913,1,100,"O6ZPE0",1
40,40,"296b66488281f145",1532441221069.44,25,"m",3,2,1,5,5,5,5,5,4,4,2,27,100,10,100,5,100,5,3.75,4.38,0.27,-1,0.1,-1,0.05,-1,0.425,0.1,"frequency",1,0,0.628388930050311,27,270,"Q53T5G",1
41,40,"85356cc795c3856c",1532441593543.89,28,"f",3,2,1,4,5,3,3,2,1,3,3,30,100,27,100,60,100,3.75,2.25,3,0.3,-1,0.27,-1,0.6,-1,0.162,0.23,"frequency",1,0,0.152212821474962,70,300,"PS98RO",1
42,42,"8f1e6e9db2996c57",1532441766677.68,26,"m",3,2,1,4,4,4,4,3,3,2,2,1,1000,9,10,7,10,4,2.5,3.25,0.001,-1,0.9,-1,0.7,-1,0.001,0,"frequency",1,1,0,1,1000,"SLCYTT",1
43,43,"8e23e7633cd9371a",1532442399946.38,55,"f",2,2,2,5,5,6,6,5,6,1,1,1,1000,1,1000,2,100,5.5,3.25,4.38,0.001,-1,0.001,-1,0.02,-1,0,0,"frequency",1,1,0,1,1000,"PWFYKT",1
45,43,"9111ce83460b24c0",1532442637448.76,49,"f",2,3,2,1,1,1,1,1,1,1,4,1,10,1,5,1,20,1,1.75,1.38,0.1,-1,0.2,-1,0.05,-1,0.308,0.5,"frequency",1,0,0.210419287835575,2,4,"HUAGVX",1
46,46,"42d2134bf6a1bbb0",1532443004593.02,64,"f",2,2,1,2,3,5,5,5,5,1,1,1,20,9,10,5,10,3.75,3,3.38,0.05,-1,0.9,-1,0.5,-1,0.087,0.05,"frequency",1,0,0.2405492482826,1,20,"D7RAY6",1
47,46,"6aef20b59945eca6",1532443268791.84,37,"m",3,4,2,3,5,5,5,3,6,1,2,27,100,27,100,73,100,4.5,3,3.75,0.27,-1,0.27,-1,0.73,-1,0.12,0.27,"frequency",1,0,0.352182518111363,270,1000,"WJT2X2",1
48,48,"ae553b48f84c1e04",1532443448896.8,28,"m",4,5,4,6,6,6,6,5,5,4,1,10,37,10,36,10,36,6,3.75,4.88,0.27,-1,0.278,-1,0.278,-1,0.27,0.39,"frequency",1,0,0.159700842867512,9,23,"WX6EBH",1
49,48,"c89fe3bf47b6cd65",1532443461794.78,34,"m",3,1,1,2,2,3,3,2,2,2,3,20,100,30,100,25,100,2.5,2.25,2.38,0.2,-1,0.3,-1,0.25,-1,0.231,0.2,"frequency",1,0,0.0625819842281631,20,100,"M7K2DB",1
50,50,"f93d00b69a55b7f5",1532443910563.3,41,"m",3,2,1,5,5,5,5,5,5,2,2,10,1000,900,1000,50,1000,5,3.5,4.25,0.01,-1,0.9,-1,0.05,-1,0.154,0.75,"frequency",1,0,0.687540542555237,750,1000,"LWVO2M",1
5,4,"ac132be1f284b3e9",1532452953731.28,29,"f",4,2,2,5,5,5,5,5,5,2,1,1,500,1,4,3,4,5,3.25,4.13,0.002,-1,0.25,-1,0.75,-1,0.001,0,"frequency",1,1,0,1,750,"CB1A1O",1
6,6,"bebcaa8f9753a75e",1532453676424.02,62,"f",3,3,2,4,4,5,5,5,5,2,2,27,100,27,100,27,100,4.5,3.5,4,0.27,-1,0.27,-1,0.27,-1,0.27,0.27,"frequency",1,1,0,73,270,"OWUTUI",1
9,9,"78a1aa74961c5825",1532456767940.71,31,"m",3,2,2,3,3,3,4,1,5,5,2,1,27,1,27,1,27,3.25,3.25,3.25,0.037,-1,0.037,-1,0.037,-1,0.037,0.02,"frequency",1,0,0.267171728403014,20,1000,"L3Z4WA",1
10,9,"1b2638556ea19312",1532456865476.45,35,"m",3,3,1,4,4,2,2,6,6,1,2,4,10,8,10,4,10,3,3.75,3.38,0.4,-1,0.8,-1,0.4,-1,0.571,0.8,"frequency",1,0,0.146453878746096,320,400,"AD5CGT",1
11,9,"64da7c8d3e85e0ea",1532457273786.28,25,"f",3,3,1,1,1,2,1,4,5,1,2,1,200,1,2,1,4,1.25,3,2.13,0.005,-1,0.5,-1,0.25,-1,0.01,0.6,"frequency",1,0,1.77815125038364,3,5,"9QYBFM",1
12,12,"8745638fdf31eefe",1532457729205.86,37,"f",3,3,2,1,3,4,5,6,6,2,1,1,100,85,100,20,100,3.25,3.75,3.5,0.01,-1,0.85,-1,0.2,-1,0.041,0.9,"frequency",1,0,1.34145865271959,9,10,"06QZSL",1
15,15,"aab10ddc5c0a6c00",1532460306851.96,28,"m",3,2,1,6,6,6,6,6,6,6,1,6,100,99,100,27,100,6,4.75,5.38,0.06,-1,0.99,-1,0.27,-1,0.19,0.06,"frequency",1,0,0.500602350569185,59,1000,"AHR9X5",1
16,16,"bede4589da051f4b",1532460577888.25,26,"m",4,3,1,6,6,6,6,6,5,5,1,1,10000,9,10,1,1000,6,4.25,5.13,0,-1,0.9,-1,0.001,-1,0,0,"frequency",1,1,0,0,1000,"1EWBAU",1
17,17,"cfcc04b9be6ea7e5",1532463106791.87,27,"m",4,3,2,6,6,6,6,5,5,2,2,5,100,90,100,15,100,6,3.5,4.75,0.05,-1,0.9,-1,0.15,-1,0.24,0.04,"frequency",1,0,0.778151250383644,45,1000,"6163L8",1
19,19,"9e9396b21546d4cb",1532464510891.46,27,"f",3,4,1,2,2,3,2,5,5,5,2,1,10,60,100,30,100,2.25,4.25,3.25,0.1,-1,0.6,-1,0.3,-1,0.182,0.6,"frequency",1,0,0.518079862398569,60,100,"BSFDGR",1
21,21,"8915c065f824f6bb",1532476536662.8,31,"f",4,3,1,1,1,6,5,1,1,6,6,5,10,1,10,1,10,3.25,3.5,3.38,0.5,-1,0.1,-1,0.1,-1,0.5,0.5,"frequency",1,1,0,5,10,"7J5L2K",1
22,22,"759d6108ad255648",1532477251664.1,21,"f",2,3,2,4,5,3,5,4,5,5,2,4,10,3,10,4,10,4.25,4,4.13,0.4,-1,0.3,-1,0.4,-1,0.333,0.12,"frequency",1,0,0.443262987458695,120,1000,"6TJBV6",1
23,23,"70c24dc7f5747722",1532477939970.35,39,"f",4,3,2,6,6,6,6,5,5,2,1,1,50,9,10,1,40,6,3.25,4.63,0.02,-1,0.9,-1,0.025,-1,0.424,0.98,"frequency",1,0,0.363860219099762,98,100,"8FNNEC",1
24,24,"5235089d72a6503c",1532478640111.61,28,"f",3,2,1,4,6,5,5,6,6,1,1,1,500,1,2,1,200,5,3.5,4.25,0.002,-1,0.5,-1,0.005,-1,0.167,0.33,"frequency",1,0,0.295797468730304,2,6,"PA7PZK",1
25,24,"122201f306f0f66b",1532478854373.78,47,"f",3,5,3,2,3,1,5,6,5,1,2,1,100,8,10,2,10,2.75,3.5,3.13,0.01,-1,0.8,-1,0.2,-1,0.039,0.01,"frequency",1,0,0.591064607026499,8,1001,"CJ0YLY",1
26,26,"998a98cc6d7ce8ee",1532482085945.39,51,"f",4,4,3,4,4,5,5,4,4,2,2,1,25,2,25,10,25,4.5,3,3.75,0.04,-1,0.08,-1,0.4,-1,0.008,0.07,"frequency",1,0,0.942008053022313,3,40,"6L7715",1
27,27,"0a0dfa6b8d9d1ad6",1532483828864.11,62,"f",3,2,1,5,3,2,2,4,5,5,1,1,720,100,100,4,720,3,3.75,3.38,0.001,-1,1,-1,0.006,-1,0.143,0,"frequency",1,0,0,1,1000,"7OSOL7",1
28,27,"b4192d9d81fdac5a",1532483841815.5,35,"m",4,3,3,4,4,5,6,4,5,1,1,30,100,6,100,12,100,4.75,2.75,3.75,0.3,-1,0.06,-1,0.12,-1,0.176,0.06,"frequency",1,0,0.467361417430506,18,300,"T0YQW1",1
29,27,"21dce9288d58e904",1532484019561.81,22,"f",3,3,2,3,3,2,2,5,4,2,3,1,100,10,100,90,100,2.5,3.5,3,0.01,-1,0.1,-1,0.9,-1,0.001,0.01,"frequency",1,1,1,10,1000,"1I7KSN",1
31,31,"2a6974a275370fb2",1532488470875.76,38,"f",2,2,4,3,5,5,6,5,6,1,2,10,1000,3,1000,7,1000,4.75,3.5,4.13,0.01,-1,0.003,-1,0.007,-1,0.004,0.01,"frequency",1,1,0.397940008672038,10,1000,"ZYJBVW",1
32,32,"653ade6df06f605e",1532489120699.53,32,"f",3,3,2,1,1,1,1,6,4,1,1,80,100,50,100,50,100,1,3,2,0.8,-1,0.5,-1,0.5,-1,0.8,0.2,"frequency",1,0,0.602059991327962,100,500,"DLWWSM",1
33,32,"63f2243859a4944f",1532489171022.98,37,"m",3,2,3,2,5,5,6,5,5,5,1,1,2,1,1,1,1,4.5,4,4.25,0.5,-1,1,-1,1,-1,0.5,1,"frequency",1,0,0.301029995663981,500,500,"LRBJ0F",1
34,32,"d9867127ef93b9df",1532489427011.97,26,"f",3,2,1,5,6,5,5,6,6,1,1,1,10000,9,10,1,300,5.25,3.5,4.38,0,-1,0.9,-1,0.003,-1,0,0,"frequency",1,1,0,0,1,"TT9E2Q",1
35,35,"a8c4c5f1b2315dcc",1532497440402.82,46,"f",2,2,2,2,2,2,2,3,4,4,2,5,300,1,1000,10,100,2,3.25,2.63,0.017,-1,0.001,-1,0.1,-1,0,0.02,"frequency",1,0,0,17,1000,"42PTM1",1
38,38,"970792dad1d2375a",1532502101769.71,24,"m",3,3,2,6,6,6,6,6,4,4,1,50,100,90,100,10,100,6,3.75,4.88,0.5,-1,0.9,-1,0.1,-1,0.9,0.5,"frequency",1,0,0.255272505103306,1,2,"VNFI5B",1
41,41,"40fd6c5de6f179e5",1532516087579.79,44,"f",4,2,2,6,6,6,6,5,4,4,2,5,100,25,100,10,100,6,3.75,4.88,0.05,-1,0.25,-1,0.1,-1,0.116,0.12,"frequency",1,1,0.0147232568207063,13,108,"T0J5UQ",1
43,43,"4a0655f0ce728122",1532520484180.03,38,"f",2,1,1,2,2,2,2,5,4,4,4,5,10,2,10,8,10,2,4.25,3.13,0.5,-1,0.2,-1,0.8,-1,0.2,0.8,"frequency",1,0,0.602059991327962,8,10,"SQVTM8",1
44,44,"1ec5e3674a674d51",1532523664233.28,32,"f",2,2,1,2,5,5,5,5,5,1,2,20,100,80,100,60,100,4.25,3.25,3.75,0.2,-1,0.8,-1,0.6,-1,0.25,0.5,"frequency",1,0,0.301029995663981,1,2,"I8IBHO",1
46,46,"49d49483d5669428",1532527910269.7,47,"f",3,3,3,4,4,4,4,5,4,1,2,15,100,10,100,90,100,4,3,3.5,0.15,-1,0.1,-1,0.9,-1,0.019,0.3,"frequency",1,0,1.19836765376683,300,1000,"B2QEJD",1
1,1,"ad540d47493702c5",1532529789877.91,29,"m",4,3,3,4,4,4,4,4,4,4,3,27,27,27,NA,NA,NA,4,3.75,3.88,0.27,-1,0.27,-1,0.27,-1,0.27,0.73,"probability",2,0,0.431959095961468,73,NA,"KMM50K",1
2,2,"e9c90c86fd90f646",1532529920789.38,26,"m",4,3,3,4,4,4,4,4,4,4,3,12,13,14,NA,NA,NA,4,3.75,3.88,0.12,-1,0.13,-1,0.14,-1,0.112,0.87,"probability",2,0,0.890301229948437,87,NA,"9HNONP",1
4,2,"965b560ad95cb9c3",1532529988044.08,30,"m",4,2,2,6,6,6,6,6,3,3,3,2,100,50,NA,NA,NA,6,3.75,4.88,0.02,-1,1,-1,0.5,-1,0.039,1,"probability",2,0,1.4089353929735,100,NA,"YQH41A",1
7,2,"05dd0a3d114e6e8b",1532530035726.71,32,"f",3,2,2,4,4,4,5,4,6,1,2,1,95,20,NA,NA,NA,4.25,3.25,3.75,0.01,-1,0.95,-1,0.2,-1,0.046,0.2,"probability",2,0,0.638272163982407,20,NA,"V0G92I",1
13,2,"5aa323e560a75e0e",1532530069235.65,23,"f",2,3,2,5,5,6,6,5,6,1,1,2,4,94,NA,NA,NA,5.5,3.25,4.38,0.02,-1,0.04,-1,0.94,-1,0.001,0.04,"probability",2,0,1.60205999132796,4,NA,"L2Y6QH",1
14,2,"7063bb95ad85d767",1532530077960.19,24,"f",4,4,1,5,5,5,5,5,5,5,2,15,20,25,NA,NA,NA,5,4.25,4.63,0.15,-1,0.2,-1,0.25,-1,0.124,0.2,"probability",2,0,0.207608310501746,20,NA,"MNY8YP",1
15,2,"813a8914e319fef5",1532530089194.52,37,"m",3,2,2,5,5,3,5,5,4,2,2,25,20,75,NA,NA,NA,4.5,3.25,3.88,0.25,-1,0.2,-1,0.75,-1,0.082,0.25,"probability",2,0,0.484126156288321,25,NA,"BDXD6C",1
16,8,"68a5faa45d709262",1532530118958.06,32,"f",2,2,1,3,5,2,5,4,5,2,2,15,5,5,NA,NA,NA,3.75,3.25,3.5,0.15,-1,0.05,-1,0.05,-1,0.15,0.05,"probability",2,0,0.477121254719662,5,NA,"7A3YU3",1
17,2,"5b18edf4e010676a",1532530154875.12,33,"f",3,3,1,4,4,3,3,4,6,1,1,2,70,90,NA,NA,NA,3.5,3,3.25,0.02,-1,0.7,-1,0.9,-1,0.016,0.7,"probability",2,0,1.64097805735833,70,NA,"7ZZFV3",1
22,22,"fca86cfff2c7be15",1532530522065.49,41,"f",2,5,2,4,4,5,5,3,3,3,1,20,50,50,NA,NA,NA,4.5,2.5,3.5,0.2,-1,0.5,-1,0.5,-1,0.2,0.18,"probability",2,0,0.0457574905606752,18,NA,"3FNJRI",1
23,22,"1dd499a83752a8fa",1532530558010.11,34,"f",2,1,1,3,4,1,1,6,4,4,3,20,20,90,NA,NA,NA,2.25,4.25,3.25,0.2,-1,0.2,-1,0.9,-1,0.053,0.1,"probability",2,0,0.275724130399211,10,NA,"3RLH26",1
25,17,"22b30b444c4f25e4",1532530644078.66,61,"f",2,4,3,2,2,3,3,4,5,2,3,30,80,50,NA,NA,NA,2.5,3.5,3,0.3,-1,0.8,-1,0.5,-1,0.407,0.8,"probability",2,0,0.293495577766724,80,NA,"XNCIGU",1
26,24,"fd13f51d986881dd",1532530769923.64,29,"m",3,4,2,4,5,6,6,3,1,3,3,30,27,70,NA,NA,NA,5.25,2.5,3.88,0.3,-1,0.27,-1,0.7,-1,0.142,0.27,"probability",2,0,0.279075419775931,27,NA,"PIBFRM",1
29,27,"b0fe6021bf80db36",1532531055129.65,51,"m",3,4,2,4,5,5,5,5,4,3,2,5,98,2,NA,NA,NA,4.75,3.5,4.13,0.05,-1,0.98,-1,0.02,-1,0.721,0.06,"probability",2,0,1.07978401433579,6,NA,"YENKTI",1
31,30,"1caa4cdbf2483842",1532531440099.1,43,"m",3,2,2,4,5,5,5,4,5,2,2,5,98,7,NA,NA,NA,4.75,3.25,4,0.05,-1,0.98,-1,0.07,-1,0.424,0.98,"probability",2,0,0.363860219099762,98,NA,"VV1BWJ",1
34,32,"0d393ce2ce07d5e5",1532532416310.03,41,"m",3,3,4,4,5,5,5,5,5,6,2,65,80,75,NA,NA,NA,4.75,4.5,4.63,0.65,-1,0.8,-1,0.75,-1,0.665,0.8,"probability",2,0,0.080268341688839,80,NA,"NDCVYE",1
35,35,"2eae844b87435a54",1532532643127.14,35,"m",3,3,3,2,5,1,1,2,1,1,1,1,99,50,NA,NA,NA,2.25,1.25,1.75,0.01,-1,0.99,-1,0.5,-1,0.02,0.1,"probability",2,0,0.698970004336019,10,NA,"R7DCJ8",1
37,36,"4eb7e228c881058f",1532533373018.33,56,"f",4,3,2,1,3,5,5,4,5,4,3,2,99,98,NA,NA,NA,3.5,4,3.75,0.02,-1,0.99,-1,0.98,-1,0.02,0.02,"probability",2,1,0,2,NA,"NDC6LJ",1
38,38,"5a9ab754dfad6026",1532533847612.78,40,"f",3,3,2,5,5,5,5,5,2,2,2,10,70,20,NA,NA,NA,5,2.75,3.88,0.1,-1,0.7,-1,0.2,-1,0.28,0.07,"probability",2,0,0.602059991327962,7,NA,"D8EY12",1
40,40,"500b6e5f8757a17f",1532534333204.24,34,"f",2,4,1,3,3,5,5,3,2,4,3,20,90,30,NA,NA,NA,4,3,3.5,0.2,-1,0.9,-1,0.3,-1,0.429,0.9,"probability",2,0,0.321785217254601,90,NA,"KNF36B",1
42,41,"da46fa13f18831bc",1532535124333.53,31,"m",3,3,1,4,4,5,5,4,6,1,2,2,90,95,NA,NA,NA,4.5,3.25,3.88,0.02,-1,0.9,-1,0.95,-1,0.019,0.02,"probability",2,1,0.0222763947111522,2,NA,"H9QXVO",1
43,43,"c17ef610e8a88f48",1532535382889.07,71,"m",3,2,1,5,5,5,5,6,6,1,3,20,95,5,NA,NA,NA,5,4,4.5,0.2,-1,0.95,-1,0.05,-1,0.826,0.2,"probability",2,0,0.615950051656401,20,NA,"88B88Z",1
44,44,"27204c5e0f309212",1532536270906.89,30,"f",3,3,1,2,3,4,3,4,3,5,4,15,15,25,NA,NA,NA,3,4,3.5,0.15,-1,0.15,-1,0.25,-1,0.096,0.25,"probability",2,0,0.415668775632469,25,NA,"83ZX4Z",1
46,46,"7e686a43e4f4fe24",1532536958502.1,30,"f",3,4,1,4,5,6,6,5,6,2,1,10,10,85,NA,NA,NA,5.25,3.5,4.38,0.1,-1,0.1,-1,0.85,-1,0.013,0.1,"probability",2,0,0.886056647693163,10,NA,"X9C6GR",1
47,47,"8c8e4ca1fd8114ea",1532538623772.4,55,"m",3,3,3,4,4,5,6,2,4,4,2,25,10,70,NA,NA,NA,4.75,3,3.88,0.25,-1,0.1,-1,0.7,-1,0.045,0.1,"probability",2,0,0.346787486224656,10,NA,"69P5HX",1
49,49,"0a6867a975bf7bd2",1532539590054.21,33,"m",4,2,3,4,3,6,3,6,3,4,4,45,36,67,NA,NA,NA,4,4.25,4.13,0.45,-1,0.36,-1,0.67,-1,0.305,0.38,"probability",2,0,0.0954837572700243,38,NA,"RQXAWA",1
50,50,"1cd7dbfc96a9c041",1532539884194.39,45,"f",3,5,3,4,4,5,6,4,6,5,3,43,78,12,NA,NA,NA,4.75,4.5,4.63,0.43,-1,0.78,-1,0.12,-1,0.831,0.34,"probability",2,0,0.388122106741856,34,NA,"LG718K",1
51,50,"a7f4e5407f7dcae2",1532539889326.6,59,"f",2,4,3,1,1,5,5,2,2,5,3,50,10,90,NA,NA,NA,3,3,3,0.5,-1,0.1,-1,0.9,-1,0.1,0.1,"probability",2,1,0,10,NA,"YN370C",1
52,52,"67591bdf6118e75a",1532540037063.07,28,"f",2,3,1,1,1,1,1,3,3,1,5,40,30,55,NA,NA,NA,1,3,2,0.4,-1,0.3,-1,0.55,-1,0.267,0.55,"probability",2,0,0.313851428129669,55,NA,"0LW0LJ",1
53,50,"36db83292e23e1eb",1532540220915.97,58,"f",2,3,2,5,5,6,6,5,5,1,1,10,10,80,NA,NA,NA,5.5,3,4.25,0.1,-1,0.1,-1,0.8,-1,0.014,0.1,"probability",2,0,0.853871964321762,10,NA,"TGNS3O",1
54,54,"c75c49e4596ba6be",1532541268741.07,28,"m",3,4,2,6,6,6,6,6,6,1,1,5,25,75,NA,NA,NA,6,3.5,4.75,0.05,-1,0.25,-1,0.75,-1,0.017,0.01,"probability",2,1,0.230448921378274,1,NA,"E2JMT8",1
55,55,"a2ef086d2e46c98e",1532542350602.23,57,"f",4,2,1,3,4,6,6,5,5,1,2,5,90,90,NA,NA,NA,4.75,3.25,4,0.05,-1,0.9,-1,0.9,-1,0.05,0.9,"probability",2,0,1.25527250510331,90,NA,"MNZT1U",1
56,56,"a9b602ab2fd54659",1532543186352.9,36,"f",3,3,3,4,4,5,2,5,2,2,2,15,80,20,NA,NA,NA,3.75,2.75,3.25,0.15,-1,0.8,-1,0.2,-1,0.414,0.8,"probability",2,0,0.286089645871045,80,NA,"MJ0JFD",1
60,59,"111e3c22e5ba752a",1532545062776.01,27,"m",2,2,2,1,1,1,1,4,6,1,3,30,5,30,NA,NA,NA,1,3.5,2.25,0.3,-1,0.05,-1,0.3,-1,0.067,0.5,"probability",2,0,0.872895201635192,50,NA,"E7J6OP",1
61,59,"32bebf1f2f93afd6",1532545098644.53,35,"m",3,2,2,5,5,5,5,5,5,5,1,1,0,99,NA,NA,NA,5,4,4.5,0.01,-1,0,-1,0.99,-1,0,0,"probability",2,1,0,0,NA,"3VDSUJ",1
62,62,"d119272d97ec9731",1532547139866.35,42,"f",2,3,2,4,4,6,6,4,3,1,2,10,90,5,NA,NA,NA,5,2.5,3.75,0.1,-1,0.9,-1,0.05,-1,0.667,0.9,"probability",2,0,0.130116675522776,90,NA,"UKHXEU",1
64,63,"8ab7dcfdd2bac9e4",1532547559495.98,36,"f",3,2,1,2,3,3,5,4,3,4,3,27,27,27,NA,NA,NA,3.25,3.5,3.38,0.27,-1,0.27,-1,0.27,-1,0.27,0.27,"probability",2,1,0,27,NA,"WWMEUJ",1
65,65,"7c71e6045e94b971",1532551893289.84,32,"m",2,2,3,2,3,3,5,3,2,2,4,2,3,4,NA,NA,NA,3.25,2.75,3,0.02,-1,0.03,-1,0.04,-1,0.015,1,"probability",2,0,1.82390874094432,100,NA,"IFCPTG",1
66,65,"ea2335273d6356e9",1532551901860.47,32,"f",2,4,2,1,1,2,2,3,4,4,5,45,50,90,NA,NA,NA,1.5,4,2.75,0.45,-1,0.5,-1,0.9,-1,0.312,0.4,"probability",2,0,0.10790539730952,40,NA,"6JU0HL",1
68,68,"6c9742d36e15f79c",1532555872978.64,50,"f",2,4,1,2,4,4,4,5,4,4,3,5,90,27,NA,NA,NA,3.5,4,3.75,0.05,-1,0.9,-1,0.27,-1,0.149,0.9,"probability",2,0,0.781056241027051,90,NA,"6IVUJK",1
69,69,"3ac0c849c42749ce",1532556641089.54,26,"f",3,3,2,4,5,6,6,5,5,6,1,20,60,75,NA,NA,NA,5.25,4.25,4.75,0.2,-1,0.6,-1,0.75,-1,0.167,0.2,"probability",2,0,0.0783135245163979,20,NA,"SNKNTG",1
70,70,"eac9753659be195f",1532559737583.86,52,"m",2,2,2,4,4,5,4,5,5,1,2,2,95,15,NA,NA,NA,4.25,3.25,3.75,0.02,-1,0.95,-1,0.15,-1,0.114,0.01,"probability",2,0,1.05690485133647,1,NA,"RFT6VL",1
71,71,"c80ec269f9db5254",1532560177258.24,20,"m",2,3,2,4,4,4,4,4,4,4,3,20,14,36,NA,NA,NA,4,3.75,3.88,0.2,-1,0.14,-1,0.36,-1,0.089,0.14,"probability",2,0,0.196738029033325,14,NA,"UABTY5",1
73,73,"34db17f9b47d04bd",1532564932331.41,27,"f",3,4,2,3,4,3,5,4,5,5,2,1,1,50,NA,NA,NA,3.75,4,3.88,0.01,-1,0.01,-1,0.5,-1,0,0.01,"probability",2,1,0,1,NA,"UBAQ0R",1
74,74,"c3703b9aa27f8f69",1532565716259.9,41,"f",4,3,1,3,3,3,3,6,6,1,1,10,95,45,NA,NA,NA,3,3.5,3.25,0.1,-1,0.95,-1,0.45,-1,0.19,0.1,"probability",2,0,0.278753600952829,10,NA,"AN5QSS",1
75,75,"7464dcef32ee38ff",1532566310105.22,19,"m",2,3,1,4,5,5,5,6,4,1,2,20,90,10,NA,NA,NA,4.75,3.25,4,0.2,-1,0.9,-1,0.1,-1,0.692,0.9,"probability",2,0,0.114136414982567,90,NA,"ZG2VH8",1
76,76,"7c12e4dce5e901c3",1532566842747.97,53,"f",4,2,2,6,6,6,6,6,6,1,1,3,85,27,NA,NA,NA,6,3.5,4.75,0.03,-1,0.85,-1,0.27,-1,0.089,0.85,"probability",2,0,0.98002891906938,85,NA,"PW1LB7",1
77,77,"1050642786bc8c4f",1532568281103,34,"f",4,2,2,4,5,5,5,4,3,1,2,5,75,90,NA,NA,NA,4.75,2.5,3.63,0.05,-1,0.75,-1,0.9,-1,0.042,0.75,"probability",2,0,1.2518119729938,75,NA,"IO8QT0",1
78,78,"4ef085c22269268e",1532570879172.29,38,"f",4,2,2,6,6,6,6,5,5,1,1,5,95,95,NA,NA,NA,6,3,4.5,0.05,-1,0.95,-1,0.95,-1,0.05,0.95,"probability",2,0,1.27875360095283,95,NA,"PJ5HT0",1
79,79,"86c8cea9b7cd33ad",1532572991710,30,"m",3,3,1,5,5,4,5,5,4,3,2,27,1,99,NA,NA,NA,4.75,3.5,4.13,0.27,-1,0.01,-1,0.99,-1,0.004,0.01,"probability",2,1,0.397940008672038,1,NA,"95E5XT",1
80,80,"e22ee8f4e4994992",1532573346994.24,45,"m",2,3,3,2,2,5,5,4,6,1,1,2,2,3,NA,NA,NA,3.5,3,3.25,0.02,-1,0.02,-1,0.03,-1,0.013,0.02,"probability",2,1,0.187086643357144,2,NA,"6ZTWTT",1
83,83,"bf69e90ea133d521",1532574729029.35,43,"f",3,3,3,5,5,6,6,5,5,5,1,10,5,25,NA,NA,NA,5.5,4,4.75,0.1,-1,0.05,-1,0.25,-1,0.022,0.05,"probability",2,0,0.356547323513813,5,NA,"CP2CYK",1
84,83,"d69729ba1aef7f74",1532574735050.99,23,"f",3,3,3,3,3,4,5,6,6,1,1,27,27,10,NA,NA,NA,3.75,3.5,3.63,0.27,-1,0.27,-1,0.1,-1,0.5,0.27,"probability",2,0,0.267606240177031,27,NA,"NN2JQM",1
85,83,"a69b4be8c4e43ccc",1532574841464.41,23,"f",2,5,3,4,4,6,5,3,5,1,1,5,25,75,NA,NA,NA,4.75,2.5,3.63,0.05,-1,0.25,-1,0.75,-1,0.017,0.25,"probability",2,0,1.16749108729376,25,NA,"UNHOBV",1
86,86,"33f769f31599607f",1532575256057.23,25,"f",2,4,1,4,3,3,3,5,6,6,1,10,10,30,NA,NA,NA,3.25,4.5,3.88,0.1,-1,0.1,-1,0.3,-1,0.036,0.1,"probability",2,0,0.443697499232713,10,NA,"9ZH5B2",1
88,87,"54524ea941f74884",1532577268561.28,39,"m",3,2,1,6,6,6,6,4,6,2,1,5,95,20,NA,NA,NA,6,3.25,4.63,0.05,-1,0.95,-1,0.2,-1,0.2,0.87,"probability",2,0,0.638489256954637,87,NA,"5VX4AB",1
89,87,"7896dff0a852c2d5",1532577315467.68,19,"f",2,3,2,5,5,3,3,3,4,2,2,27,100,30,NA,NA,NA,4,2.75,3.38,0.27,-1,1,-1,0.3,-1,0.552,1,"probability",2,0,0.258060922270801,100,NA,"7V9JG2",1
91,91,"362a3197fbf10f85",1532578959449.57,34,"m",3,5,1,4,4,5,5,5,4,5,1,10,60,40,NA,NA,NA,4.5,3.75,4.13,0.1,-1,0.6,-1,0.4,-1,0.143,0.6,"probability",2,0,0.622815212918582,60,NA,"ZU7JOD",1
93,86,"5ddc86404e7e59fb",1532584784171.04,33,"f",2,2,1,5,5,4,4,6,6,1,1,40,70,85,NA,NA,NA,4.5,3.5,4,0.4,-1,0.7,-1,0.85,-1,0.354,0.28,"probability",2,0,0.101845230683569,28,NA,"97M55X",1
1,1,"dbedd85a342e774f",1532702967632.72,29,"m",4,3,3,4,4,4,4,4,4,4,3,27,100,27,100,27,100,4,3.75,3.88,0.27,0.1,0.27,0.5,0.27,0.27,0.171,0.5,"frequency",1,0,0.465973893943865,50,100,"MQV85Z",2
3,2,"ec7f046b14cabe67",1532703322288.61,25,"m",3,3,3,6,5,2,3,6,5,5,2,10,10,10,10,10,10,4,4.5,4.25,1,0.1,1,0.5,1,0.27,0.171,1,"frequency",1,0,0.767003889607846,10,10,"A00QKM",2
5,2,"d06421ed90994630",1532703523619.75,34,"m",3,3,3,5,5,5,5,6,5,2,2,30,100,50,100,20,100,5,3.75,4.38,0.3,0.1,0.5,0.5,0.2,0.27,0.171,0.5,"frequency",1,0,0.465973893943865,50,100,"7L9Y57",2
6,6,"879d5b20d5880813",1532703804417.57,32,"f",4,3,1,3,3,2,4,5,6,1,3,2,10,9,10,5,10,3,3.75,3.38,0.2,0.1,0.9,0.5,0.5,0.27,0.171,0.5,"frequency",1,0,0.465973893943865,1,2,"851IIJ",2
7,2,"03111423d9d857bc",1532703894365.23,66,"f",4,4,2,3,3,5,5,4,5,2,2,1,100,1,100,10,100,4,3.25,3.63,0.01,0.1,0.01,0.5,0.1,0.27,0.171,0.1,"frequency",1,0,0.232996110392154,100,1000,"1QYXZN",2
8,8,"93056f443f0246a7",1532707023594.3,34,"m",3,1,2,3,4,5,6,5,4,3,2,1,2,1,2,1,10,4.5,3.5,4,0.5,0.1,0.5,0.5,0.1,0.27,0.171,1,"frequency",1,0,0.767003889607846,1,1,"084VC6",2
9,9,"9bda90edd220f3f3",1532707964033.83,27,"f",3,2,2,2,3,4,3,6,5,3,3,1,1000,3,4,4,5,3,4.25,3.63,0.001,0.1,0.75,0.5,0.8,0.27,0.171,0.05,"frequency",1,0,0.534026106056135,50,1000,"PDD31G",2
10,10,"ba17d310b7fb98ba",1532709278388.14,24,"m",3,2,3,5,5,4,6,5,5,3,2,3,10,4,5,1,5,5,3.75,4.38,0.3,0.1,0.8,0.5,0.2,0.27,0.171,0.5,"frequency",1,0,0.465973893943865,50,100,"CWWTTQ",2
11,11,"a7b5ecf411e4ba74",1532714656978.46,68,"f",2,4,1,5,5,6,6,4,2,2,2,1,27,1,27,0,27,5.5,2.5,4,0.037,0.1,0.037,0.5,0,0.27,0.171,0.1,"frequency",1,0,0.232996110392154,100,1000,"BOI8ES",2
12,12,"3056a79ca8402081",1532715091979.39,29,"f",4,4,1,4,5,4,5,5,4,2,2,2,100,99,100,10,100,4.5,3.25,3.88,0.02,0.1,0.99,0.5,0.1,0.27,0.171,0.17,"frequency",1,1,0.00254718901387993,50,293,"6RN4KK",2
13,13,"ff894a4db6d54580",1532717902616.18,59,"f",2,2,2,5,5,5,5,4,5,2,2,2,100,4,100,12,100,5,3.25,4.13,0.02,0.1,0.04,0.5,0.12,0.27,0.171,0.05,"frequency",1,0,0.534026106056135,50,1000,"K1ZAHD",2
14,14,"f0aacd0ce3caee36",1532723441935,30,"f",3,3,1,2,5,6,5,6,6,1,2,27,1000,10,1000,10,2500,4.5,3.75,4.13,0.027,0.1,0.01,0.5,0.004,0.27,0.171,0.5,"frequency",1,0,0.465973893943865,50,100,"ZBCTB3",2
16,16,"549e3e2c81b4fb56",1532729739637.57,29,"f",2,4,2,6,6,6,6,6,6,5,1,30,100,15,100,60,100,6,4.5,5.25,0.3,0.1,0.15,0.5,0.6,0.27,0.171,0.4,"frequency",1,0,0.369063880935808,40,100,"DHAAET",2
17,16,"8e963eaca1d9d7c2",1532730004098.46,32,"f",3,3,4,4,5,6,6,5,6,5,1,7,10,99,100,30,100,5.25,4.25,4.75,0.7,0.1,0.99,0.5,0.3,0.27,0.171,0.75,"frequency",1,0,0.642065152999546,3,4,"HM2NDU",2
19,19,"da961c81f65c8e03",1532731993337.37,21,"f",2,4,1,2,5,4,6,4,5,2,2,1,100,90,100,1,200,4.25,3.25,3.75,0.01,0.1,0.9,0.5,0.005,0.27,0.171,0.05,"frequency",1,0,0.534026106056135,50,1000,"BXIJOK",2
23,23,"1cdd768edf6a100b",1532733091637.1,32,"f",2,3,3,2,2,3,4,3,3,1,1,5,10,5,10,5,10,2.75,2,2.38,0.5,0.1,0.5,0.5,0.5,0.27,0.171,0.5,"frequency",1,0,0.465973893943865,5,10,"CDX4DW",2
24,24,"e95a857410db8df0",1532737323614.47,51,"f",4,4,1,2,5,4,4,6,6,6,2,1,1000,8,10,9,10,3.75,5,4.38,0.001,0.1,0.8,0.5,0.9,0.27,0.171,0.5,"frequency",1,0,0.465973893943865,50,100,"19A9M4",2
27,27,"68afc49ef0668c78",1532744876690.23,31,"m",3,1,1,4,5,5,6,5,6,3,1,1,10000,1,50,49,50,5,3.75,4.38,0,0.1,0.02,0.5,0.98,0.27,0.171,0.17,"frequency",1,1,0.00254718901387993,50,293,"UPLOKL",2
31,31,"0853466f733ad74b",1532761066511.43,55,"f",3,3,2,4,4,6,6,5,5,2,2,1,100,1,25,1,10,5,3.5,4.25,0.01,0.1,0.04,0.5,0.1,0.27,0.171,0.05,"frequency",1,0,0.534026106056135,50,1000,"2DZ5W4",2
33,33,"a7aefae4c739b70f",1532764643567.79,27,"m",3,2,5,3,4,2,3,4,4,3,3,35,100,15,100,10,100,3,3.5,3.25,0.35,0.1,0.15,0.5,0.1,0.27,0.171,0.25,"frequency",1,0,0.164943898279884,25,100,"MUH7CK",2
35,35,"b0490bc91ab27ad8",1532767811260.09,33,"m",2,3,1,2,2,2,4,4,1,2,3,1,100,90,100,90,100,2.5,2.5,2.5,0.01,0.1,0.9,0.5,0.9,0.27,0.171,0.05,"frequency",1,0,0.534026106056135,50,1000,"34F1RZ",2
39,37,"004a1862e4fdcf6e",1532773075567.97,21,"f",3,3,4,5,6,5,6,5,6,5,1,1,1,1,1,1,1,5.5,4.25,4.88,1,0.1,1,0.5,1,0.27,0.171,1,"frequency",1,0,0.767003889607846,1,1,"U5NAVZ",2
40,37,"61be6b8894c2deee",1532773087756.74,26,"f",3,4,4,4,4,5,5,5,4,5,2,0,1,1,1,1,3,4.5,4,4.25,0,0.1,1,0.5,0.333,0.27,0.171,1,"frequency",1,0,0.767003889607846,50,50,"9BKDPG",2
41,41,"ce3682d8a0f1d553",1532780454923.27,27,"m",3,1,1,2,2,2,2,3,3,3,4,4,5,1,5,5,5,2,3.25,2.63,0.8,0.1,0.2,0.5,1,0.27,0.171,0.8,"frequency",1,0,0.67009387659979,4,5,"HVKK2S",2
43,43,"c131c5d4fa86fd74",1532786500637.49,43,"m",3,2,1,5,5,5,5,6,6,1,1,10,1000,10,1000,10,1000,5,3.5,4.25,0.01,0.1,0.01,0.5,0.01,0.27,0.171,0.1,"frequency",1,0,0.232996110392154,100,1000,"YCEI3D",2
45,45,"58e9316643bbfdf8",1532791093823,41,"f",2,2,2,2,2,4,6,5,4,5,3,22,27,27,27,19,27,3.5,4.25,3.88,0.815,0.1,1,0.5,0.704,0.27,0.171,0.05,"frequency",1,0,0.534026106056135,50,1000,"SUV9DZ",2
47,47,"99410e50a3eb5b91",1532795984832.82,22,"m",3,3,2,5,5,6,6,5,4,5,1,1,50,1,10,1,2,5.5,3.75,4.63,0.02,0.1,0.1,0.5,0.5,0.27,0.171,0.5,"frequency",1,0,0.465973893943865,1,2,"72IBOI",2
49,49,"c6579e4c4a29d915",1532797319062.28,28,"m",3,3,1,6,6,6,6,6,4,1,1,20,100,90,100,40,100,6,3,4.5,0.2,0.1,0.9,0.5,0.4,0.27,0.171,0.17,"frequency",1,1,0.00254718901387993,50,293,"MSDGH0",2
51,51,"fdeceb57b976bebd",1532806749838.56,56,"f",3,2,2,2,2,2,3,4,3,1,4,2,100,49,100,5,50,2.25,3,2.63,0.02,0.1,0.49,0.5,0.1,0.27,0.171,0.5,"frequency",1,0,0.465973893943865,50,100,"15THOE",2
52,52,"a48587489a0ebe15",1532807852162.04,28,"f",3,3,2,4,4,3,6,5,5,5,2,30,100,100,100,40,100,4.25,4.25,4.25,0.3,0.1,1,0.5,0.4,0.27,0.171,0.5,"frequency",1,0,0.465973893943865,50,100,"KPXGZL",2
53,53,"e53e92b25ed0d261",1532810204078.31,39,"m",2,3,1,5,6,5,6,6,6,5,1,1,27,10,10,99,100,5.5,4.5,5,0.037,0.1,1,0.5,0.99,0.27,0.171,0.1,"frequency",1,0,0.232996110392154,100,1000,"JI9DER",2
55,55,"6a7faa077b341056",1532811211983.82,47,"m",4,3,1,6,6,6,6,6,6,1,1,1,100,1,100,5,100,6,3.5,4.75,0.01,0.1,0.01,0.5,0.05,0.27,0.171,0.05,"frequency",1,0,0.534026106056135,50,1000,"1YHYL0",2
56,56,"78a8419fb6a5b678",1532814845792.71,36,"f",3,3,1,4,5,6,6,5,2,5,3,1,100,1,100,1,100,5.25,3.75,4.5,0.01,0.1,0.01,0.5,0.01,0.27,0.171,0.05,"frequency",1,0,0.534026106056135,50,1000,"RS5ETR",2
57,57,"de2094941ce74929",1532817806842.94,42,"f",3,5,2,5,5,6,4,5,3,4,2,1,50,5,10,1,5,5,3.5,4.25,0.02,0.1,0.5,0.5,0.2,0.27,0.171,0.5,"frequency",1,0,0.465973893943865,50,100,"3YT1O1",2
58,58,"a179a5457d9f1c36",1532822208805.91,27,"f",2,3,2,4,4,5,5,5,4,2,2,1,50,9,10,7,10,4.5,3.25,3.88,0.02,0.1,0.9,0.5,0.7,0.27,0.171,0.13,"frequency",1,0,0.119052758085317,1,8,"UKKBPE",2
59,59,"1c85b8d63987754b",1532827374227.94,23,"f",2,3,2,3,4,5,5,4,4,4,2,3,5,3,5,2,5,4.25,3.5,3.88,0.6,0.1,0.6,0.5,0.4,0.27,0.171,0.05,"frequency",1,0,0.534026106056135,50,1000,"JB7S2J",2
60,60,"1429dd4a317ddd48",1532830034240.18,31,"m",3,3,1,3,4,3,5,4,6,1,1,1,1000,1,5,1,2,3.75,3,3.38,0.001,0.1,0.2,0.5,0.5,0.27,0.171,0.33,"frequency",1,0,0.285517829485734,1,3,"D7J6ZM",2
61,61,"2f1e2b37fe3b56cb",1532832139131.19,31,"f",4,3,1,2,3,3,4,5,3,2,2,1,5,1,5,4,5,3,3,3,0.2,0.1,0.2,0.5,0.8,0.27,0.171,0.1,"frequency",1,0,0.232996110392154,100,1000,"L4RAZR",2
62,62,"9b8de246adbbc3ee",1532839400417.58,54,"m",3,2,2,6,6,6,6,6,6,1,1,1,1000,950,1000,800,1000,6,3.5,4.75,0.001,0.1,0.95,0.5,0.8,0.27,0.171,0.05,"frequency",1,0,0.534026106056135,50,1000,"N653MA",2
63,63,"480b98e4b856b2ac",1532840567298.04,33,"f",3,2,2,4,4,2,4,4,6,6,3,1,100,1,100,95,100,3.5,4.75,4.13,0.01,0.1,0.01,0.5,0.95,0.27,0.171,0.05,"frequency",1,0,0.534026106056135,50,1000,"R0YXKW",2
64,64,"140ecdcc0d71b917",1532842829303.56,42,"f",4,3,2,1,1,1,1,1,1,6,6,2,10,50,100,10,100,1,3.5,2.25,0.2,0.1,0.5,0.5,0.1,0.27,0.171,0.05,"frequency",1,0,0.534026106056135,50,1000,"V1MK5O",2
65,65,"320294ee3cfd9579",1532845299721.17,29,"m",3,3,3,5,5,2,4,5,4,5,2,235,1000,300,1000,260,1000,4,4,4,0.235,0.1,0.3,0.5,0.26,0.27,0.171,0.15,"frequency",1,0,0.0569048513364726,150,1000,"DJ8NVJ",2
66,66,"2a3e85bac7ba198b",1532847005510.32,19,"f",3,4,2,4,6,6,6,6,6,6,1,30,70,100,100,20,100,5.5,4.75,5.13,0.429,0.1,1,0.5,0.2,0.27,0.171,0.4,"frequency",1,0,0.369063880935808,40,100,"I4XX2M",2
70,70,"6586efa373848d50",1532867368605.21,33,"f",3,4,3,5,6,5,6,5,6,2,3,27,100,2,5,3,5,5.5,4,4.75,0.27,0.1,0.4,0.5,0.6,0.27,0.171,0.1,"frequency",1,0,0.232996110392154,100,1000,"51LXKE",2
73,73,"c2a7c2dd324188bb",1532876065975.73,26,"m",3,3,3,5,5,5,5,6,6,5,1,60,100,40,100,50,100,5,4.5,4.75,0.6,0.1,0.4,0.5,0.5,0.27,0.171,0.5,"frequency",1,0,0.465973893943865,1,2,"A3G9U5",2
74,74,"64d0bdc418d8f9c8",1532880485097.43,25,"m",3,3,3,5,5,5,5,5,5,4,1,60,100,75,100,71,100,5,3.75,4.38,0.6,0.1,0.75,0.5,0.71,0.27,0.171,0.5,"frequency",1,0,0.465973893943865,10,20,"L1RQ6M",2
75,75,"98d6262170018417",1532880933943,46,"f",2,4,1,2,2,4,4,3,1,6,3,20,100,10,100,15,100,3,3.25,3.13,0.2,0.1,0.1,0.5,0.15,0.27,0.171,0.5,"frequency",1,0,0.465973893943865,50,100,"QMFSQI",2
76,76,"74338a4fafefc5e9",1532884469060.59,32,"f",4,4,5,5,5,5,5,6,6,5,1,4,8,1,3,1,4,5,4.5,4.75,0.5,0.1,0.333,0.5,0.25,0.27,0.171,0.5,"frequency",1,0,0.465973893943865,50,100,"7PJ7XY",2
79,78,"36d588b6eebb5b2a",1532890339524.66,52,"f",2,1,1,1,1,3,3,3,1,6,3,1,100,1,100,5,100,2,3.25,2.63,0.01,0.1,0.01,0.5,0.05,0.27,0.171,0.1,"frequency",1,0,0.232996110392154,100,1000,"W3IG1Z",2
80,80,"947e9a0e2ca94ba3",1532890969710.35,33,"m",4,3,1,2,1,3,2,5,5,2,3,1,1000,99,100,95,100,2,3.75,2.88,0.001,0.1,0.99,0.5,0.95,0.27,0.171,0.1,"frequency",1,0,0.232996110392154,100,1000,"THIYMA",2
81,81,"0ed38240a8351474",1532892299053.18,23,"f",3,3,2,3,3,2,4,3,2,2,3,10,30,9,10,5,10,3,2.5,2.75,0.333,0.1,0.9,0.5,0.5,0.27,0.171,0.5,"frequency",1,0,0.465973893943865,50,100,"SGW8GV",2
83,83,"a5d3dcaee08b288a",1532894637960.54,27,"f",3,3,2,6,4,4,6,5,5,1,3,1,100,1,100,9,10,5,3.5,4.25,0.01,0.1,0.01,0.5,0.9,0.27,0.171,0.05,"frequency",1,0,0.534026106056135,50,1000,"KSUXHZ",2
84,84,"b711ce9db83b801c",1532896857174.76,30,"m",4,3,2,4,4,4,4,5,5,2,2,2,100,1,100,5,100,4,3.5,3.75,0.02,0.1,0.01,0.5,0.05,0.27,0.171,0.5,"frequency",1,0,0.465973893943865,50,100,"3OPBEH",2
85,85,"74b374bf43872393",1532905131973.42,41,"f",4,2,2,2,2,2,4,2,4,3,4,1,5,5,5,1,5,2.5,3.25,2.88,0.2,0.1,1,0.5,0.2,0.27,0.171,0.07,"frequency",1,0,0.387898070377897,37,547,"RTD923",2
86,86,"2585afc40978f300",1532909448469.39,37,"f",3,2,1,5,5,5,5,6,6,1,1,20,100,90,100,30,100,5,3.5,4.25,0.2,0.1,0.9,0.5,0.3,0.27,0.171,0.17,"frequency",1,1,0.00254718901387993,50,293,"WQVRFZ",2
87,86,"d228737d97535a19",1532909497462.39,34,"f",3,1,1,5,5,5,5,4,4,4,2,15,100,75,100,30,100,5,3.5,4.25,0.15,0.1,0.75,0.5,0.3,0.27,0.171,0.7,"frequency",1,0,0.612101929622103,700,1000,"0HKUPF",2
88,86,"faf1471d7a2493bc",1532909508314.77,39,"f",2,2,2,5,5,3,3,5,2,5,4,1,1000,10,10,1,10,4,4,4,0.001,0.1,1,0.5,0.1,0.27,0.171,0.02,"frequency",1,0,0.931966114728173,1,50,"LZIMRB",2
89,89,"b28de89ee5eb82da",1532912547826.32,34,"f",3,5,2,3,5,3,6,5,5,1,1,2,10,1,10,9,10,4.25,3,3.63,0.2,0.1,0.1,0.5,0.9,0.27,0.171,0.05,"frequency",1,0,0.534026106056135,50,1000,"ADQTK6",2
90,90,"7d3878b932ed6c0c",1532914061664.51,46,"f",4,3,1,5,5,5,5,5,5,5,2,10,1000,2,1000,5,1000,5,4.25,4.63,0.01,0.1,0.002,0.5,0.005,0.27,0.171,0.05,"frequency",1,0,0.534026106056135,50,1000,"X19L3N",2
92,92,"9f16d8a457f90dbb",1532925608914.93,46,"m",3,5,3,6,6,6,6,4,4,1,1,1,1000,99,100,1,10000,6,2.5,4.25,0.001,0.1,0.99,0.5,0,0.27,0.171,0.05,"frequency",1,0,0.534026106056135,50,1000,"DI728X",2
93,93,"9643319f5e681e03",1532926467184.49,33,"m",2,2,1,5,5,6,6,5,5,3,1,3,100,90,100,10,100,5.5,3.5,4.5,0.03,0.1,0.9,0.5,0.1,0.27,0.171,0.05,"frequency",1,0,0.534026106056135,50,1000,"GB8AHX",2
94,94,"24ffdbb8851a69b2",1532927309428.48,35,"f",4,3,2,2,4,4,4,5,6,1,1,1,20,9,10,1,10,3.5,3.25,3.38,0.05,0.1,0.9,0.5,0.1,0.27,0.171,0.05,"frequency",1,0,0.534026106056135,1,20,"6EEBLW",2
95,94,"9ec91bcdd7b6278b",1532927578044.54,68,"m",4,1,1,2,2,2,2,4,3,3,3,1,10,1,10,1,10,2,3.25,2.63,0.1,0.1,0.1,0.5,0.1,0.27,0.171,0.1,"frequency",1,0,0.232996110392154,1,10,"03RBYH",2
97,97,"ec58cc8cc172e619",1532931342852.18,24,"m",3,5,3,6,5,6,5,5,5,5,2,1,10,8,10,9,10,5.5,4.25,4.88,0.1,0.1,0.8,0.5,0.9,0.27,0.171,0.02,"frequency",1,0,0.931966114728173,2,100,"4G4SC9",2
99,99,"6e02541a3feb3a57",1532933630213.75,40,"m",3,1,2,4,5,5,6,6,1,2,1,25,100,30,100,70,100,5,2.5,3.75,0.25,0.1,0.3,0.5,0.7,0.27,0.171,0.5,"frequency",1,0,0.465973893943865,50,100,"SR8N54",2
100,100,"d2838939a81f370b",1532940759549.48,50,"f",2,3,1,4,4,4,4,4,5,2,2,27,100,27,100,73,100,4,3.25,3.63,0.27,0.1,0.27,0.5,0.73,0.27,0.171,0.5,"frequency",1,0,0.465973893943865,50,100,"0JGT6J",2
101,101,"c48b26059757d228",1532946446175.57,27,"f",2,2,1,3,5,5,6,3,5,6,2,50,100,90,100,45,100,4.75,4,4.38,0.5,0.1,0.9,0.5,0.45,0.27,0.171,0.17,"frequency",1,1,0.00254718901387993,50,293,"Y9BYW0",2
102,102,"bb9a98990004465c",1532946635867.01,28,"m",2,3,1,1,1,6,6,1,1,6,6,1,1000,1,1000,10,1000,3.5,3.5,3.5,0.001,0.1,0.001,0.5,0.01,0.27,0.171,0.01,"frequency",1,0,1.23299611039215,10,1000,"14804H",2
105,105,"41c99135488df925",1532952231120.07,25,"f",3,3,4,4,5,4,5,3,5,3,1,10,11,11,11,14,15,4.5,3,3.75,0.909,0.1,1,0.5,0.933,0.27,0.171,1,"frequency",1,0,0.767003889607846,10,10,"QNF5O3",2
106,106,"18eb245b6c3e75bf",1532956259821.13,33,"f",4,2,2,3,4,4,5,6,4,5,2,1,100,1,10,1,10,4,4.25,4.13,0.01,0.1,0.1,0.5,0.1,0.27,0.171,0.1,"frequency",1,0,0.232996110392154,1,10,"9XRVP0",2
108,108,"59196c1609bf1345",1532961849544.12,28,"m",3,3,2,5,5,4,5,5,2,2,2,10,100,30,100,40,100,4.75,2.75,3.75,0.1,0.1,0.3,0.5,0.4,0.27,0.171,0.5,"frequency",1,0,0.465973893943865,50,100,"PK9P9J",2
109,109,"edc150a230550d6d",1532967245796.76,33,"f",3,4,2,5,3,4,5,3,5,6,3,50,1000,1000,1000,100,1000,4.25,4.25,4.25,0.05,0.1,1,0.5,0.1,0.27,0.171,0.05,"frequency",1,0,0.534026106056135,50,1000,"G8B79J",2
110,109,"b9abb57fc828930d",1532967436037.79,32,"f",2,2,2,4,4,6,6,4,6,1,2,25,100,23,100,80,100,5,3.25,4.13,0.25,0.1,0.23,0.5,0.8,0.27,0.171,0.05,"frequency",1,0,0.534026106056135,50,1000,"TH0A9A",2
111,111,"12f3cecad3d75731",1532970344073.78,25,"f",2,3,2,4,4,3,3,5,6,1,2,1,10,1,5,4,5,3.5,3.5,3.5,0.1,0.1,0.2,0.5,0.8,0.27,0.171,0.05,"frequency",1,0,0.534026106056135,5,100,"J3H1QP",2
112,112,"910839187e8ddc5a",1532973967780.16,40,"f",3,2,1,3,3,6,6,6,6,1,2,1,10000,2,10000,1,2,4.5,3.75,4.13,0,0.1,0,0.5,0.5,0.27,0.171,0.11,"frequency",1,0,0.191603425233929,1,9,"PDGBRB",2
115,115,"04c15a582b3827f6",1532975160876.43,28,"m",4,3,2,4,4,4,4,4,6,6,1,1,10,10,10,10,10,4,4.25,4.13,0.1,0.1,1,0.5,1,0.27,0.171,0.05,"frequency",1,0,0.534026106056135,50,1000,"94Q760",2
116,115,"b16d93924a445b59",1532975316726.11,20,"f",3,2,2,6,6,6,6,5,5,6,2,1,15,1,85,1,10,6,4.5,5.25,0.067,0.1,0.012,0.5,0.1,0.27,0.171,0.05,"frequency",1,0,0.534026106056135,1,20,"DOARRI",2
117,117,"ff7033fd072bc3e3",1532976879999.39,38,"f",3,2,1,3,3,4,4,5,5,1,2,1,1000,5,1000,1,500,3.5,3.25,3.38,0.001,0.1,0.005,0.5,0.002,0.27,0.171,0.04,"frequency",1,0,0.630936119064191,1,25,"HZWQ7E",2
120,120,"b7c00503b80864b6",1532985518723.2,23,"f",3,3,3,3,3,3,6,4,6,1,2,1,100,1,20,1,1000,3.75,3.25,3.5,0.01,0.1,0.05,0.5,0.001,0.27,0.171,0.05,"frequency",1,0,0.534026106056135,50,1000,"0343ZZ",2
121,121,"d7d17c3c09f7bd38",1532991106962.3,52,"f",2,3,2,4,4,5,5,5,6,1,1,1,100,1,20,1,10,4.5,3.25,3.88,0.01,0.1,0.05,0.5,0.1,0.27,0.171,0.1,"frequency",1,0,0.232996110392154,100,1000,"MBDP14",2
122,121,"a099d05e511c0bab",1532991142915.7,35,"f",2,2,1,3,4,3,4,6,3,4,3,50,100,90,100,30,100,3.5,4,3.75,0.5,0.1,0.9,0.5,0.3,0.27,0.171,0.5,"frequency",1,0,0.465973893943865,50,100,"48VVVY",2
123,123,"7046cc197aa1eaf5",1532997055350.57,18,"m",3,3,1,6,6,5,6,4,6,5,1,1,100,5,6,1,25,5.75,4,4.88,0.01,0.1,0.833,0.5,0.04,0.27,0.171,0.05,"frequency",1,0,0.534026106056135,50,1000,"VPW1NC",2
129,129,"dccece047457f25b",1533014180807.64,34,"f",3,4,1,6,6,6,6,6,3,2,1,1,5000,9,10,4,13,6,3,4.5,0,0.1,0.9,0.5,0.308,0.27,0.171,0.1,"frequency",1,0,0.232996110392154,100,1000,"VPRLAF",2
130,130,"b615197d343b03cf",1533021207000.1,33,"m",3,2,4,6,5,6,5,5,5,2,2,27,100,10,100,29,100,5.5,3.5,4.5,0.27,0.1,0.1,0.5,0.29,0.27,0.171,0.1,"frequency",1,0,0.232996110392154,100,1000,"4FL5M7",2
131,131,"72714a304bff317f",1533023986840.88,23,"f",3,3,2,3,5,5,5,3,3,4,2,1,100,8,10,5,10,4.5,3,3.75,0.01,0.1,0.8,0.5,0.5,0.27,0.171,0.17,"frequency",1,1,0.00254718901387993,50,293,"AA1ERZ",2
134,134,"6d9d072682665d99",1533035067861.82,38,"f",4,1,1,5,5,5,5,5,3,4,2,3,10,5,10,2,10,5,3.5,4.25,0.3,0.1,0.5,0.5,0.2,0.27,0.171,0.1,"frequency",1,0,0.232996110392154,100,1000,"EWKV0O",2
135,135,"c57fd4dc5d162120",1533037115886.64,23,"f",3,2,1,3,5,4,5,5,3,4,1,7,10,3,10,8,10,4.25,3.25,3.75,0.7,0.1,0.3,0.5,0.8,0.27,0.171,0.5,"frequency",1,0,0.465973893943865,50,100,"7QF92A",2
136,136,"66a345dd43f29fde",1533040786568.55,54,"f",4,1,3,6,6,6,5,6,6,6,2,3,100,25,400,99,798,5.75,5,5.38,0.03,0.1,0.063,0.5,0.124,0.27,0.171,0.29,"frequency",1,0,0.229401887506802,293,1000,"D1H8RP",2
137,137,"242bd4bd096f7319",1533043432306.29,25,"m",3,3,3,3,5,4,3,5,4,3,2,2,3,4,7,3,4,3.75,3.5,3.63,0.667,0.1,0.571,0.5,0.75,0.27,0.171,0.25,"frequency",1,0,0.164943898279884,250,1000,"MMFP1O",2
139,139,"1c88805d69f55158",1533044464948.14,40,"f",3,4,4,4,4,5,5,3,4,4,2,2,100,75,100,75,100,4.5,3.25,3.88,0.02,0.1,0.75,0.5,0.75,0.27,0.171,0.5,"frequency",1,0,0.465973893943865,50,100,"N6WT9U",2
140,139,"771af726d35863bc",1533044822719.41,46,"m",3,3,1,4,4,5,5,6,5,2,2,1,250,3,100,5,100,4.5,3.75,4.13,0.004,0.1,0.03,0.5,0.05,0.27,0.171,0.05,"frequency",1,0,0.534026106056135,5,100,"JGVMQU",2
141,141,"293691bd1becfe6e",1533045698817.49,29,"m",3,2,2,6,6,6,6,4,6,1,1,1,1000,85,100,15,100,6,3,4.5,0.001,0.1,0.85,0.5,0.15,0.27,0.171,0.17,"frequency",1,1,0.00254718901387993,50,293,"P7314G",2
142,142,"a55edb52b11e99b3",1533054351888.1,31,"f",3,3,1,4,4,6,6,6,3,1,1,1,20,1,50,1,15,5,2.75,3.88,0.05,0.1,0.02,0.5,0.067,0.27,0.171,0.05,"frequency",1,0,0.534026106056135,50,1000,"7DXVB1",2
143,143,"3e9e48f677d5418d",1533056358362.06,29,"m",2,2,1,4,5,5,5,4,6,1,1,15,100,20,100,25,100,4.75,3,3.88,0.15,0.1,0.2,0.5,0.25,0.27,0.171,0.05,"frequency",1,0,0.534026106056135,50,1000,"X8D9IL",2
144,144,"e868c7314566f4c4",1533057150774.76,25,"m",3,4,2,5,5,5,5,6,5,5,1,1,1000,1,1000,1,100,5,4.25,4.63,0.001,0.1,0.001,0.5,0.01,0.27,0.171,0.05,"frequency",1,0,0.534026106056135,50,1000,"TUGZ37",2
145,145,"dae0ecad402822e1",1533058474117.4,20,"m",2,3,1,6,4,3,5,5,6,1,1,10,100,1,100,99,100,4.5,3.25,3.88,0.1,0.1,0.01,0.5,0.99,0.27,0.171,0.29,"frequency",1,0,0.229401887506802,293,1000,"8X1HN8",2
146,146,"8fac2012bd400477",1533059692086.65,58,"f",1,2,3,4,4,3,4,5,5,4,3,19,27,31,40,17,25,3.75,4.25,4,0.704,0.1,0.775,0.5,0.68,0.27,0.171,0.9,"frequency",1,0,0.721246399047171,119,132,"FSWDZP",2
147,147,"57eb2d4005419a0f",1533061446856.81,51,"f",3,3,3,6,6,6,6,6,6,1,1,25,100,50,100,50,100,6,3.5,4.75,0.25,0.1,0.5,0.5,0.5,0.27,0.171,0.3,"frequency",1,0,0.244125144327509,300,1000,"31WE5B",2
148,148,"cc94c587e3a3f794",1533065394379.7,45,"f",3,3,3,3,5,2,6,5,3,5,1,10,100,25,100,80,100,4,3.5,3.75,0.1,0.1,0.25,0.5,0.8,0.27,0.171,0.01,"frequency",1,0,1.23299611039215,11,1000,"N74UK0",2
149,149,"d1ed5cb75e84ed31",1533067520771.73,35,"f",2,3,3,2,2,2,3,4,4,5,2,2,100,85,100,25,100,2.25,3.75,3,0.02,0.1,0.85,0.5,0.25,0.27,0.171,0.05,"frequency",1,0,0.534026106056135,50,1000,"KQTPLA",2
150,150,"b4612f2e7868c996",1533067995156.07,21,"f",3,3,2,5,5,4,5,5,5,2,2,10,100,10,100,20,100,4.75,3.5,4.13,0.1,0.1,0.1,0.5,0.2,0.27,0.171,0.17,"frequency",1,1,0.00254718901387993,17,100,"G7COHD",2
153,153,"6f336f6acec1d34e",1533074231661.22,59,"f",3,3,1,5,5,6,6,5,5,2,1,1,1000,98,100,5,100,5.5,3.25,4.38,0.001,0.1,0.98,0.5,0.05,0.27,0.171,0.17,"frequency",1,1,0.00254718901387993,50,293,"8XGX8M",2
156,156,"484178c2d53345b5",1533088127222.17,22,"f",3,3,2,5,5,6,6,3,6,1,1,1,500,1,400,1,400,5.5,2.75,4.13,0.002,0.1,0.003,0.5,0.003,0.27,0.171,0.05,"frequency",1,0,0.534026106056135,50,1000,"ZCZ6PQ",2
157,157,"5183e14f2efe25c0",1533090658187.52,30,"f",2,4,3,5,5,3,3,6,6,6,1,2,5,3,5,5,5,4,4.75,4.38,0.4,0.1,0.6,0.5,1,0.27,0.171,0.5,"frequency",1,0,0.465973893943865,2,4,"1KDHDZ",2
158,158,"cb47978960d06cfa",1533095245011.13,28,"f",2,3,2,3,2,2,3,6,5,3,1,1,100,10,100,90,100,2.5,3.75,3.13,0.01,0.1,0.1,0.5,0.9,0.27,0.171,0.25,"frequency",1,0,0.164943898279884,25,100,"XF5DG7",2
159,159,"44b2bf9d710dda33",1533098316645.53,22,"f",3,2,2,4,4,5,5,3,4,5,3,1,1000,1,10,1,8,4.5,3.75,4.13,0.001,0.1,0.1,0.5,0.125,0.27,0.171,0.1,"frequency",1,0,0.232996110392154,1,10,"2RIYQM",2
161,161,"6b7ac9631412e997",1533103311045.1,20,"m",2,4,2,5,5,6,6,6,6,1,1,1,100,95,100,15,100,5.5,3.5,4.5,0.01,0.1,0.95,0.5,0.15,0.27,0.171,0.05,"frequency",1,0,0.534026106056135,50,1000,"ROLQVL",2
3,1,"5d202464251848ae",1533127921340.64,34,"f",2,3,3,3,3,3,3,5,2,5,4,35,100,60,NA,NA,NA,3,4,3.5,0.35,0.1,1,0.5,0.6,0.27,0.171,0.6,"probability",2,0,0.54515513999149,60,NA,"EEP1JR",2
4,1,"c9d5db6494817b20",1533128003527.62,22,"f",3,2,2,6,6,6,6,4,4,1,1,90,80,80,NA,NA,NA,6,2.5,4.25,0.9,0.1,0.8,0.5,0.8,0.27,0.171,0.5,"probability",2,0,0.465973893943865,50,NA,"LQT7CR",2
5,4,"ed60291a27cc970c",1533128115766.91,44,"f",3,3,1,5,5,5,5,6,4,5,2,27,73,50,NA,NA,NA,5,4.25,4.63,0.27,0.1,0.73,0.5,0.5,0.27,0.171,0.05,"probability",2,0,0.534026106056135,5,NA,"FZ2YT0",2
6,5,"c72eb3e21f5e1c0a",1533128130615.5,30,"m",4,3,3,4,4,4,4,4,4,4,3,27,27,27,NA,NA,NA,4,3.75,3.88,0.27,0.1,0.27,0.5,0.27,0.27,0.171,0.5,"probability",2,0,0.465973893943865,50,NA,"KPO40T",2
7,5,"7dafc6517bb94761",1533128180660.23,33,"f",2,1,2,1,1,1,1,2,6,6,4,10,10,12,NA,NA,NA,1,4.5,2.75,0.1,0.1,0.1,0.5,0.12,0.27,0.171,0.5,"probability",2,0,0.465973893943865,50,NA,"13A52H",2
9,3,"f55fc596cfbb79f8",1533128300987.15,41,"f",3,2,1,3,5,5,5,5,6,1,1,1,99,20,NA,NA,NA,4.5,3.25,3.88,0.01,0.1,0.99,0.5,0.2,0.27,0.171,0.1,"probability",2,0,0.232996110392154,10,NA,"EQVKEU",2
10,8,"35f1dee8f50cc97e",1533128322956.08,29,"m",4,3,3,4,3,4,3,4,3,4,3,27,27,27,NA,NA,NA,3.5,3.5,3.5,0.27,0.1,0.27,0.5,0.27,0.27,0.171,0.5,"probability",2,0,0.465973893943865,50,NA,"2YUAKZ",2
15,15,"e93e6d9f1f07afc7",1533128987560.18,49,"m",2,2,2,5,6,6,6,5,5,2,2,25,10,90,NA,NA,NA,5.75,3.5,4.63,0.25,0.1,0.1,0.5,0.9,0.27,0.171,0.01,"probability",2,0,1.23299611039215,1,NA,"JT7CHX",2
16,15,"6040a79663430570",1533129066512.98,29,"m",3,5,3,6,5,5,5,5,5,6,2,20,25,10,NA,NA,NA,5.25,4.5,4.88,0.2,0.1,0.25,0.5,0.1,0.27,0.171,0.5,"probability",2,0,0.465973893943865,50,NA,"B4GM5N",2
17,16,"a8573057ca58ec4e",1533129148471.51,34,"f",3,2,1,4,4,4,4,5,6,2,2,15,12,30,NA,NA,NA,4,3.75,3.88,0.15,0.1,0.12,0.5,0.3,0.27,0.171,0.05,"probability",2,0,0.534026106056135,5,NA,"1N4X8T",2
18,16,"8639e8b71f52f386",1533129170266.2,47,"f",3,3,3,4,4,4,4,6,4,2,2,25,20,80,NA,NA,NA,4,3.5,3.75,0.25,0.1,0.2,0.5,0.8,0.27,0.171,0.5,"probability",2,0,0.465973893943865,50,NA,"3Q9HUY",2
19,17,"e07b37aaa962ae57",1533129211414.26,36,"m",4,3,1,5,5,6,6,2,6,3,1,27,35,10,NA,NA,NA,5.5,3,4.25,0.27,0.1,0.35,0.5,0.1,0.27,0.171,0.1,"probability",2,0,0.232996110392154,10,NA,"GMMHR2",2
20,16,"533a66e71a9b5c81",1533129231100.81,25,"m",2,3,1,1,1,1,1,5,2,4,4,50,50,50,NA,NA,NA,1,3.75,2.38,0.5,0.1,0.5,0.5,0.5,0.27,0.171,0.5,"probability",2,0,0.465973893943865,50,NA,"81CI6H",2
22,22,"e22e2d7ecb8b7986",1533130014209.08,28,"m",3,3,3,2,2,3,5,4,4,4,3,20,35,40,NA,NA,NA,3,3.75,3.38,0.2,0.1,0.35,0.5,0.4,0.27,0.171,0.2,"probability",2,0,0.0680338852718273,20,NA,"XMD1MY",2
23,22,"004e3c657450d0e2",1533130039601.31,33,"m",2,3,2,4,4,4,4,4,3,4,2,30,23,33,NA,NA,NA,4,3.25,3.63,0.3,0.1,0.23,0.5,0.33,0.27,0.171,0.2,"probability",2,0,0.0680338852718273,20,NA,"B4P4SP",2
25,25,"fa51b6b3b33b6cbf",1533130283910.95,44,"m",3,3,2,5,5,5,5,2,5,2,2,5,95,50,NA,NA,NA,5,2.75,3.88,0.05,0.1,0.95,0.5,0.5,0.27,0.171,0.5,"probability",2,0,0.465973893943865,50,NA,"O0JM2M",2
29,29,"178b4b64a4f6b3d1",1533131469796.77,28,"m",4,3,3,5,4,6,5,5,5,6,3,20,25,30,NA,NA,NA,5,4.75,4.88,0.2,0.1,0.25,0.5,0.3,0.27,0.171,0.25,"probability",2,0,0.164943898279884,25,NA,"OEIX4K",2
30,30,"a795828ad07f2e27",1533131602568.48,30,"f",4,3,3,4,5,4,4,3,4,5,2,15,20,30,NA,NA,NA,4.25,3.5,3.88,0.15,0.1,0.2,0.5,0.3,0.27,0.171,0.2,"probability",2,0,0.0680338852718273,20,NA,"HCTOEL",2
31,31,"a413dd82051797d1",1533131795548.58,28,"m",4,4,2,4,5,5,5,5,3,5,3,11,25,43,NA,NA,NA,4.75,4,4.38,0.11,0.1,0.25,0.5,0.43,0.27,0.171,0.75,"probability",2,0,0.642065152999546,75,NA,"RA55CE",2
32,30,"df6df51c5867a4e7",1533131803201.58,44,"f",2,5,3,3,5,4,2,5,5,2,1,10,10,75,NA,NA,NA,3.5,3.25,3.38,0.1,0.1,0.1,0.5,0.75,0.27,0.171,0.3,"probability",2,0,0.244125144327509,30,NA,"GX32CJ",2
33,33,"ae7a3afef7d81c49",1533132950260.98,33,"f",3,3,1,6,6,6,6,6,1,6,3,25,15,25,NA,NA,NA,6,4,5,0.25,0.1,0.15,0.5,0.25,0.27,0.171,0.95,"probability",2,0,0.744727494896694,95,NA,"9FBSHO",2
34,33,"5eb7cd11265b9ac1",1533132968941.93,38,"f",4,1,1,2,3,4,4,4,4,2,2,30,40,45,NA,NA,NA,3.25,3,3.13,0.3,0.1,0.4,0.5,0.45,0.27,0.171,0.5,"probability",2,0,0.465973893943865,50,NA,"58R7Q9",2
35,33,"8e36d59d3bb57cb5",1533133084246.39,56,"m",3,2,1,1,1,1,1,5,3,5,3,15,1,98,NA,NA,NA,1,4,2.5,0.15,0.1,0.01,0.5,0.98,0.27,0.171,0.04,"probability",2,0,0.630936119064191,4,NA,"ZY4AFO",2
36,36,"fef88e3763c4839c",1533133839834.71,32,"f",4,2,2,3,3,5,5,4,5,2,2,10,85,27,NA,NA,NA,4,3.25,3.63,0.1,0.1,0.85,0.5,0.27,0.27,0.171,0.5,"probability",2,0,0.465973893943865,50,NA,"T041DB",2
38,37,"4df94fc4b55d46e1",1533134926051.98,31,"f",3,4,1,5,4,2,4,6,1,1,2,10,100,50,NA,NA,NA,3.75,2.5,3.13,0.1,0.1,1,0.5,0.5,0.27,0.171,0.5,"probability",2,0,0.465973893943865,50,NA,"VRMZZL",2
39,39,"0ad25554d47dbb22",1533135264352.6,47,"f",3,3,1,4,4,5,5,3,5,2,3,3,98,2,NA,NA,NA,4.5,3.25,3.88,0.03,0.1,0.98,0.5,0.02,0.27,0.171,0.5,"probability",2,0,0.465973893943865,50,NA,"EG9ZRU",2
41,41,"58484c7c54d618ff",1533137297302.49,29,"f",3,3,2,5,3,6,4,6,4,6,3,10,25,45,NA,NA,NA,4.5,4.75,4.63,0.1,0.1,0.25,0.5,0.45,0.27,0.171,0.25,"probability",2,0,0.164943898279884,25,NA,"S76I2M",2
42,41,"c3f106704943e542",1533137426589.9,40,"f",4,4,3,4,4,5,4,5,6,2,1,60,20,70,NA,NA,NA,4.25,3.5,3.88,0.6,0.1,0.2,0.5,0.7,0.27,0.171,0.5,"probability",2,0,0.465973893943865,50,NA,"ZFC5BC",2
43,43,"ccba118471933fcb",1533137697015.83,41,"m",3,2,1,4,4,5,5,5,5,2,2,5,90,10,NA,NA,NA,4.5,3.5,4,0.05,0.1,0.9,0.5,0.1,0.27,0.171,0.85,"probability",2,0,0.696422815322139,85,NA,"SMOCTH",2
44,44,"c5699fe0da2caf08",1533137919623.03,21,"m",3,3,3,4,2,4,3,4,3,4,3,13,26,26,NA,NA,NA,3.25,3.5,3.38,0.13,0.1,0.26,0.5,0.26,0.27,0.171,0.56,"probability",2,0,0.515191916614047,56,NA,"1VDXKW",2
46,46,"7025234c86efd19b",1533138641432.91,33,"f",3,3,1,4,5,6,6,6,6,1,1,5,5,60,NA,NA,NA,5.25,3.5,4.38,0.05,0.1,0.05,0.5,0.6,0.27,0.171,0.5,"probability",2,0,0.465973893943865,50,NA,"WUC4EQ",2
47,47,"6acb5f846a67c638",1533139048558.14,48,"m",3,3,1,4,4,4,4,3,2,2,3,15,80,80,NA,NA,NA,4,2.5,3.25,0.15,0.1,0.8,0.5,0.8,0.27,0.171,0.35,"probability",2,0,0.311071933958122,35,NA,"ULGZ4U",2
49,47,"efc7be04205565f3",1533139093985.96,57,"f",2,5,3,5,2,6,6,3,1,6,2,19,100,35,NA,NA,NA,4.75,3,3.88,0.19,0.1,1,0.5,0.35,0.27,0.171,0.5,"probability",2,0,0.465973893943865,50,NA,"JVBOPK",2
51,50,"09521e065ea03c04",1533139404391.55,42,"f",2,3,2,4,4,4,5,5,6,1,1,25,90,10,NA,NA,NA,4.25,3.25,3.75,0.25,0.1,0.9,0.5,0.1,0.27,0.171,0.1,"probability",2,0,0.232996110392154,10,NA,"QLL77D",2
53,53,"cb895404488e268a",1533143014522.53,26,"m",3,3,5,5,5,5,6,5,3,5,2,30,5,5,NA,NA,NA,5.25,3.75,4.5,0.3,0.1,0.05,0.5,0.05,0.27,0.171,0.5,"probability",2,0,0.465973893943865,50,NA,"1QXLBQ",2
54,54,"1f9eb9af85f2b237",1533143359163.33,27,"f",3,3,1,3,3,4,3,3,3,3,4,10,15,10,NA,NA,NA,3.25,3.25,3.25,0.1,0.1,0.15,0.5,0.1,0.27,0.171,0.68,"probability",2,0,0.599512802314082,68,NA,"W8OUFU",2
55,55,"4941b3369f3661a4",1533143486164,21,"f",3,5,2,5,6,6,5,6,4,2,2,8,30,70,NA,NA,NA,5.5,3.5,4.5,0.08,0.1,0.3,0.5,0.7,0.27,0.171,0.5,"probability",2,0,0.465973893943865,50,NA,"2G7WVC",2
56,56,"d284de2166089f2b",1533144078876.01,46,"m",4,4,4,5,5,5,5,5,5,2,2,1,95,90,NA,NA,NA,5,3.5,4.25,0.01,0.1,0.95,0.5,0.9,0.27,0.171,0.05,"probability",2,0,0.534026106056135,5,NA,"T391CC",2
59,58,"e7f44fa2386d9119",1533146558108.81,38,"f",4,2,2,2,2,4,4,5,2,1,3,1,10,10,NA,NA,NA,3,2.75,2.88,0.01,0.1,0.1,0.5,0.1,0.27,0.171,0.5,"probability",2,0,0.465973893943865,50,NA,"L5G9CT",2
60,58,"6de9747a6414a681",1533146564386.79,33,"f",3,2,1,1,1,1,3,4,1,3,2,2,5,20,NA,NA,NA,1.5,2.5,2,0.02,0.1,0.05,0.5,0.2,0.27,0.171,0.6,"probability",2,0,0.54515513999149,60,NA,"HDRG35",2
61,61,"9ac66b89473ee2d1",1533147435842.73,49,"m",4,1,1,3,4,3,5,5,6,1,1,60,25,50,NA,NA,NA,3.75,3.25,3.5,0.6,0.1,0.25,0.5,0.5,0.27,0.171,0.5,"probability",2,0,0.465973893943865,50,NA,"JMA13C",2
62,61,"0a66ebd8cb1e32f1",1533147611937.71,28,"f",3,3,2,1,3,3,3,6,4,6,2,15,5,95,NA,NA,NA,2.5,4.5,3.5,0.15,0.1,0.05,0.5,0.95,0.27,0.171,0.5,"probability",2,0,0.465973893943865,50,NA,"3CECX9",2
63,63,"c126dac32cb9daa3",1533147902272.24,37,"m",3,3,1,4,4,4,4,5,2,5,3,10,10,50,NA,NA,NA,4,3.75,3.88,0.1,0.1,0.1,0.5,0.5,0.27,0.171,0.5,"probability",2,0,0.465973893943865,50,NA,"D8T1YD",2
64,64,"805c11aa3ef1db6a",1533148362283.26,41,"f",4,2,3,4,5,6,6,6,6,1,1,2,100,50,NA,NA,NA,5.25,3.5,4.38,0.02,0.1,1,0.5,0.5,0.27,0.171,0.1,"probability",2,0,0.232996110392154,10,NA,"MYJD97",2
65,65,"18d42a7f1be22f3d",1533150170688.86,25,"f",3,4,3,5,5,5,5,4,5,2,2,20,30,20,NA,NA,NA,5,3.25,4.13,0.2,0.1,0.3,0.5,0.2,0.27,0.171,0.5,"probability",2,0,0.465973893943865,50,NA,"3UO3KR",2
66,66,"79bb2aaa10de988a",1533151274823.52,29,"m",2,4,1,4,4,4,5,1,6,1,2,15,1,5,NA,NA,NA,4.25,2.5,3.38,0.15,0.1,0.01,0.5,0.05,0.27,0.171,0.5,"probability",2,0,0.465973893943865,50,NA,"4MOBBL",2
70,70,"a8dc6d4830ec3512",1533152703323.21,47,"m",2,3,1,3,5,6,5,1,2,4,3,25,95,76,NA,NA,NA,4.75,2.5,3.63,0.25,0.1,0.95,0.5,0.76,0.27,0.171,0.6,"probability",2,0,0.54515513999149,60,NA,"IXHMHO",2
72,72,"54316bf5645c0af7",1533153526725.76,36,"f",3,3,2,5,5,6,6,6,6,1,1,5,90,10,NA,NA,NA,5.5,3.5,4.5,0.05,0.1,0.9,0.5,0.1,0.27,0.171,0.73,"probability",2,0,0.630326749728302,73,NA,"T1ENRX",2
73,73,"0fbe727969b55d66",1533159753729.66,43,"m",3,2,2,3,5,6,5,5,5,1,1,27,27,27,NA,NA,NA,4.75,3,3.88,0.27,0.1,0.27,0.5,0.27,0.27,0.171,0.1,"probability",2,0,0.232996110392154,10,NA,"BVP21A",2
74,74,"05a3fd7a2c3d478d",1533160219538.97,39,"f",4,2,3,6,5,5,3,6,4,5,2,50,76,69,NA,NA,NA,4.75,4.25,4.5,0.5,0.1,0.76,0.5,0.69,0.27,0.171,0.5,"probability",2,0,0.465973893943865,50,NA,"F1IBA3",2
75,75,"18796bc93b403ad4",1533161548110.16,30,"f",4,3,2,5,3,6,6,6,1,4,2,15,13,5,NA,NA,NA,5,3.25,4.13,0.15,0.1,0.13,0.5,0.05,0.27,0.171,0.25,"probability",2,0,0.164943898279884,25,NA,"RQS8SV",2
77,77,"8913b8a03c61f510",1533168771695.93,31,"m",3,3,2,3,5,4,5,5,5,2,2,2,2,27,NA,NA,NA,4.25,3.5,3.88,0.02,0.1,0.02,0.5,0.27,0.27,0.171,0.05,"probability",2,0,0.534026106056135,5,NA,"83D6F4",2
80,80,"c5a125db2a42f47b",1533177684758.55,34,"f",3,5,2,5,5,5,4,3,2,2,2,10,73,5,NA,NA,NA,4.75,2.25,3.5,0.1,0.1,0.73,0.5,0.05,0.27,0.171,0.5,"probability",2,0,0.465973893943865,50,NA,"EJNUQZ",2
84,84,"db4eefe56f25cd60",1533180877079.93,35,"m",2,2,1,1,3,5,6,3,6,1,2,27,73,30,NA,NA,NA,3.75,3,3.38,0.27,0.1,0.73,0.5,0.3,0.27,0.171,0.5,"probability",2,0,0.465973893943865,50,NA,"IOTQ8T",2
85,85,"a20080e9c731158d",1533182285813.34,19,"f",2,2,1,2,3,1,2,5,2,1,3,30,95,40,NA,NA,NA,2,2.75,2.38,0.3,0.1,0.95,0.5,0.4,0.27,0.171,0.5,"probability",2,0,0.465973893943865,50,NA,"EGP9O3",2
88,88,"ca2a63e4b9b9210b",1533185793351.61,39,"f",4,4,3,4,5,6,6,6,2,2,1,30,73,40,NA,NA,NA,5.25,2.75,4,0.3,0.1,0.73,0.5,0.4,0.27,0.171,0.5,"probability",2,0,0.465973893943865,50,NA,"WYA2LE",2
89,89,"6a232080923a9e8b",1533186240902.95,48,"f",4,2,1,2,3,3,4,1,5,2,3,18,56,40,NA,NA,NA,3,2.75,2.88,0.18,0.1,0.56,0.5,0.4,0.27,0.171,0.05,"probability",2,0,0.534026106056135,5,NA,"SNUDPH",2
96,94,"3a13b51e9a1c07d7",1533190098854.37,25,"f",3,3,2,4,5,5,5,5,5,4,3,27,25,30,NA,NA,NA,4.75,4.25,4.5,0.27,0.1,0.25,0.5,0.3,0.27,0.171,0.5,"probability",2,0,0.465973893943865,50,NA,"9VNPQZ",2
102,102,"c230f1c377c60070",1533192039197.63,25,"f",3,3,3,1,1,4,1,2,5,2,3,20,20,20,NA,NA,NA,1.75,3,2.38,0.2,0.1,0.2,0.5,0.2,0.27,0.171,0.5,"probability",2,0,0.465973893943865,50,NA,"QM72KZ",2
106,106,"10270ce3ae7758dd",1533193459909.88,20,"f",3,1,1,6,5,4,4,5,2,2,1,5,80,20,NA,NA,NA,4.75,2.5,3.63,0.05,0.1,0.8,0.5,0.2,0.27,0.171,0.05,"probability",2,0,0.534026106056135,5,NA,"I6Q1R0",2
108,108,"b133918baa729c94",1533196345390.81,31,"f",3,3,1,2,2,2,2,4,4,3,3,11,15,27,NA,NA,NA,2,3.5,2.75,0.11,0.1,0.15,0.5,0.27,0.27,0.171,0.34,"probability",2,0,0.298482806650101,34,NA,"1E87YR",2
109,109,"07f8b759d84f12be",1533197206304.57,23,"m",3,3,2,3,2,1,1,5,2,5,3,10,15,1,NA,NA,NA,1.75,3.75,2.75,0.1,0.1,0.15,0.5,0.01,0.27,0.171,0.4,"probability",2,0,0.369063880935808,40,NA,"9BGFDD",2
111,111,"fe5044845f346fc1",1533199637407.19,30,"f",3,3,2,5,4,3,3,4,3,4,2,8,21,45,NA,NA,NA,3.75,3.25,3.5,0.08,0.1,0.21,0.5,0.45,0.27,0.171,0.5,"probability",2,0,0.465973893943865,50,NA,"2U1Q8I",2
112,111,"82a18bc8ee16b9e6",1533199745826.79,52,"f",3,3,1,4,4,5,5,6,1,1,1,27,27,27,NA,NA,NA,4.5,2.25,3.38,0.27,0.1,0.27,0.5,0.27,0.27,0.171,0.02,"probability",2,0,0.931966114728173,2,NA,"ADADA6",2
113,113,"a39d19c3fe560de4",1533200754334.11,27,"f",2,4,3,5,6,5,6,5,6,5,1,45,34,25,NA,NA,NA,5.5,4.25,4.88,0.45,0.1,0.34,0.5,0.25,0.27,0.171,0.55,"probability",2,0,0.50736657910209,55,NA,"IIK1LQ",2
116,116,"0eda368677f8d0f4",1533208387660.76,27,"f",4,3,2,6,6,6,6,6,5,6,1,10,100,40,NA,NA,NA,6,4.5,5.25,0.1,0.1,1,0.5,0.4,0.27,0.171,0.14,"probability",2,0,0.0868680747139158,14,NA,"6MF91K",2
117,117,"b7823c42f9a3a91a",1533211339739.34,40,"f",2,2,2,2,2,2,2,3,3,2,4,10,95,5,NA,NA,NA,2,3,2.5,0.1,0.1,0.95,0.5,0.05,0.27,0.171,0.5,"probability",2,0,0.465973893943865,50,NA,"1JOYHJ",2
118,118,"9b3e7ff89cb5b2aa",1533211703979.88,56,"f",2,4,3,5,5,6,6,5,5,5,1,10,10,27,NA,NA,NA,5.5,4,4.75,0.1,0.1,0.1,0.5,0.27,0.27,0.171,0.5,"probability",2,0,0.465973893943865,50,NA,"QRKQAY",2
119,119,"0ec3e3ecfa1bb6d9",1533213141637.1,26,"f",3,4,2,4,4,3,5,6,5,4,1,10,70,70,NA,NA,NA,4,4,4,0.1,0.1,0.7,0.5,0.7,0.27,0.171,0.5,"probability",2,0,0.465973893943865,50,NA,"PCLEGE",2
120,120,"66b2ee41fc0e14e0",1533214037811.36,39,"f",3,2,2,1,1,6,6,5,6,1,1,15,99,1,NA,NA,NA,3.5,3.25,3.38,0.15,0.1,0.99,0.5,0.01,0.27,0.171,0.5,"probability",2,0,0.465973893943865,50,NA,"9JCQ4R",2
121,121,"ddec82db1dc9ee08",1533214677384.88,25,"m",3,3,3,6,5,4,5,5,4,5,2,11,8,20,NA,NA,NA,5,4,4.5,0.11,0.1,0.08,0.5,0.2,0.27,0.171,0.2,"probability",2,0,0.0680338852718273,20,NA,"0VVXWB",2
122,122,"f20649875ee095f3",1533216877979.2,25,"f",4,3,2,2,5,3,3,6,1,1,1,14,27,15,NA,NA,NA,3.25,2.25,2.75,0.14,0.1,0.27,0.5,0.15,0.27,0.171,0.5,"probability",2,0,0.465973893943865,50,NA,"MRA8BV",2
123,123,"e9197585f1525d68",1533218419337.27,21,"m",3,4,4,5,4,3,5,4,5,5,2,9,8,5,NA,NA,NA,4.25,4,4.13,0.09,0.1,0.08,0.5,0.05,0.27,0.171,0.3,"probability",2,0,0.244125144327509,30,NA,"FS15W4",2
125,125,"8f3de6106f37d7c3",1533219798081.06,32,"f",2,5,1,3,3,5,2,6,1,3,3,10,80,60,NA,NA,NA,3.25,3.25,3.25,0.1,0.1,0.8,0.5,0.6,0.27,0.171,0.5,"probability",2,0,0.465973893943865,50,NA,"8F34GU",2
126,125,"b384600e2072f25d",1533219857277,25,"m",3,3,2,5,5,6,6,5,2,1,3,1,100,75,NA,NA,NA,5.5,2.75,4.13,0.01,0.1,1,0.5,0.75,0.27,0.171,0.05,"probability",2,0,0.534026106056135,5,NA,"85MR5K",2
127,125,"98a19e11a6389b3a",1533219927120.86,22,"f",3,1,1,5,5,6,6,6,6,1,1,10,90,20,NA,NA,NA,5.5,3.5,4.5,0.1,0.1,0.9,0.5,0.2,0.27,0.171,0.1,"probability",2,0,0.232996110392154,10,NA,"IZ8KF1",2
129,129,"b130168a3a7bbed9",1533222769755.9,36,"f",3,3,2,5,5,4,5,2,2,2,1,6,20,10,NA,NA,NA,4.75,1.75,3.25,0.06,0.1,0.2,0.5,0.1,0.27,0.171,0.27,"probability",2,0,0.198367653766833,27,NA,"7P35FN",2
130,130,"6c61b878929be3ba",1533223252031.55,29,"f",3,2,1,2,1,1,1,3,6,1,2,15,20,40,NA,NA,NA,1.25,3,2.13,0.15,0.1,0.2,0.5,0.4,0.27,0.171,0.5,"probability",2,0,0.465973893943865,50,NA,"3BKP60",2
131,130,"0a38670feb5421ff",1533223347250.12,18,"f",2,3,2,5,5,4,4,5,5,1,2,30,90,40,NA,NA,NA,4.5,3.25,3.88,0.3,0.1,0.9,0.5,0.4,0.27,0.171,0.1,"probability",2,0,0.232996110392154,10,NA,"T30ER5",2
132,130,"2f4f1f89dc559531",1533223379283,28,"f",2,3,4,3,5,2,2,6,4,3,2,50,50,50,NA,NA,NA,3,3.75,3.38,0.5,0.1,0.5,0.5,0.5,0.27,0.171,0.5,"probability",2,0,0.465973893943865,50,NA,"S9JOOY",2
133,133,"9d532e664ba5a144",1533223894167.49,55,"f",2,1,2,3,3,5,5,1,1,6,3,5,2,25,NA,NA,NA,4,2.75,3.38,0.05,0.1,0.02,0.5,0.25,0.27,0.171,0.05,"probability",2,0,0.534026106056135,5,NA,"Y38GXK",2
135,135,"d0409bdf7ef1b911",1533226671127.24,32,"f",3,4,3,1,1,2,1,3,4,2,1,27,90,10,NA,NA,NA,1.25,2.5,1.88,0.27,0.1,0.9,0.5,0.1,0.27,0.171,0.5,"probability",2,0,0.465973893943865,50,NA,"SZ09V3",2
137,137,"7d88f58678a08349",1533227168835.2,40,"f",2,2,2,5,5,6,6,5,6,5,1,1,1,35,NA,NA,NA,5.5,4.25,4.88,0.01,0.1,0.01,0.5,0.35,0.27,0.171,0.5,"probability",2,0,0.465973893943865,50,NA,"8GG769",2
138,138,"1b01de52aadd6b56",1533227374525.31,66,"f",2,3,3,2,4,1,1,1,3,2,3,10,30,25,NA,NA,NA,2,2.25,2.13,0.1,0.1,0.3,0.5,0.25,0.27,0.171,0.35,"probability",2,0,0.311071933958122,35,NA,"GHLSPY",2
139,139,"a79dd63d73149996",1533228371872.44,35,"f",3,2,2,5,5,5,5,5,5,4,2,25,15,10,NA,NA,NA,5,4,4.5,0.25,0.1,0.15,0.5,0.1,0.27,0.171,0.5,"probability",2,0,0.465973893943865,50,NA,"U42D1G",2
140,140,"f5171d4983af829e",1533228928304.93,22,"m",3,3,1,5,5,5,5,4,5,2,2,10,73,16,NA,NA,NA,5,3.25,4.13,0.1,0.1,0.73,0.5,0.16,0.27,0.171,0.1,"probability",2,0,0.232996110392154,10,NA,"H1E2YY",2
142,142,"ad74a883e9b5c665",1533232091031.92,32,"m",2,3,1,4,6,6,6,5,6,5,1,17,10,10,NA,NA,NA,5.5,4.25,4.88,0.17,0.1,0.1,0.5,0.1,0.27,0.171,0.5,"probability",2,0,0.465973893943865,50,NA,"F8OOS0",2
143,143,"883d237f7530eafc",1533232414314.01,50,"f",4,4,1,5,5,6,6,6,2,2,1,40,20,80,NA,NA,NA,5.5,2.75,4.13,0.4,0.1,0.2,0.5,0.8,0.27,0.171,0.05,"probability",2,0,0.534026106056135,5,NA,"WYRF81",2
145,145,"7656f91669657428",1533234843297.14,42,"m",1,1,1,3,3,3,3,4,1,1,4,20,10,10,NA,NA,NA,3,2.5,2.75,0.2,0.1,0.1,0.5,0.1,0.27,0.171,0.1,"probability",2,0,0.232996110392154,10,NA,"TDN23U",2
146,146,"4d76dc002e8c1083",1533238559834.8,38,"m",3,3,1,5,5,6,6,6,5,2,2,50,100,50,NA,NA,NA,5.5,3.75,4.63,0.5,0.1,1,0.5,0.5,0.27,0.171,0.6,"probability",2,0,0.54515513999149,60,NA,"8XKTT5",2
147,147,"2bd2683b6dae6d64",1533239250507.79,26,"f",3,3,1,1,1,1,1,4,3,3,3,30,80,27,NA,NA,NA,1,3.25,2.13,0.3,0.1,0.8,0.5,0.27,0.27,0.171,0.4,"probability",2,0,0.369063880935808,40,NA,"RE1378",2
149,149,"6bb91af7125ef61e",1533244015508.77,27,"m",3,3,2,3,4,4,5,5,2,2,2,2,25,75,NA,NA,NA,4,2.75,3.38,0.02,0.1,0.25,0.5,0.75,0.27,0.171,0.5,"probability",2,0,0.465973893943865,50,NA,"KG9RDF",2
150,150,"2b67e6e0d5a15d20",1533244920822.87,38,"f",3,4,1,5,5,5,5,5,2,5,3,6,81,25,NA,NA,NA,5,3.75,4.38,0.06,0.1,0.81,0.5,0.25,0.27,0.171,0.05,"probability",2,0,0.534026106056135,5,NA,"AZPOOZ",2
151,151,"5e873bdc305a1593",1533246432859.79,23,"f",2,3,2,4,4,4,4,6,1,6,3,15,18,20,NA,NA,NA,4,4,4,0.15,0.1,0.18,0.5,0.2,0.27,0.171,0.25,"probability",2,0,0.164943898279884,25,NA,"SWXUFY",2
153,153,"17c1f0698e64408f",1533257766517.76,28,"m",3,2,2,4,4,5,5,5,5,2,1,30,85,27,NA,NA,NA,4.5,3.25,3.88,0.3,0.1,0.85,0.5,0.27,0.27,0.171,0.5,"probability",2,0,0.465973893943865,50,NA,"EWF1X1",2
154,154,"10143c1f16c9ff20",1533261193650.74,57,"f",2,2,1,2,2,3,4,3,4,4,3,15,15,35,NA,NA,NA,2.75,3.5,3.13,0.15,0.1,0.15,0.5,0.35,0.27,0.171,0.5,"probability",2,0,0.465973893943865,50,NA,"M0SVX4",2
155,155,"765f4d0d57a1bc36",1533262711603.96,25,"f",4,3,1,3,2,4,5,5,6,1,1,1,95,20,NA,NA,NA,3.5,3.25,3.38,0.01,0.1,0.95,0.5,0.2,0.27,0.171,0.5,"probability",2,0,0.465973893943865,50,NA,"EWMG6S",2
157,156,"c7c1b0a98498dd0e",1533263627071.59,33,"f",3,2,2,2,3,3,3,5,4,1,3,73,65,27,NA,NA,NA,2.75,3.25,3,0.73,0.1,0.65,0.5,0.27,0.27,0.171,0.5,"probability",2,0,0.465973893943865,50,NA,"UKSMYE",2
158,158,"bf2cbe488f1b1197",1533264380138.34,27,"f",4,2,2,4,5,5,5,6,5,4,2,2,95,95,NA,NA,NA,4.75,4.25,4.5,0.02,0.1,0.95,0.5,0.95,0.27,0.171,0.17,"probability",2,1,0.00254718901387993,17,NA,"NSOR7D",2
159,159,"0883f07001f82513",1533264603794.6,25,"f",3,3,2,5,4,5,5,5,4,5,2,15,10,20,NA,NA,NA,4.75,4,4.38,0.15,0.1,0.1,0.5,0.2,0.27,0.171,0.27,"probability",2,0,0.198367653766833,27,NA,"WCMBWG",2
161,159,"9e8981bfb7ad528e",1533264818108.02,56,"f",4,5,3,5,5,6,6,6,6,1,1,1,1,99,NA,NA,NA,5.5,3.5,4.5,0.01,0.1,0.01,0.5,0.99,0.27,0.171,0.27,"probability",2,0,0.198367653766833,27,NA,"ZIS1LX",2
162,158,"98bc8a7fdbd14de7",1533265386287.8,29,"f",4,2,1,5,5,4,4,4,4,4,3,10,90,50,NA,NA,NA,4.5,3.75,4.13,0.1,0.1,0.9,0.5,0.5,0.27,0.171,0.1,"probability",2,0,0.232996110392154,10,NA,"M6S91J",2
163,163,"8839c30832c3a4ce",1533267019292.41,25,"f",2,3,1,3,3,3,3,4,1,6,4,50,20,20,NA,NA,NA,3,3.75,3.38,0.5,0.1,0.2,0.5,0.2,0.27,0.171,0.23,"probability",2,0,0.128731725625439,23,NA,"7ZZLFU",2
164,164,"5409a3fde537befb",1533267954990.67,33,"f",4,2,1,6,6,6,6,6,4,2,1,1,99,2,NA,NA,NA,6,3.25,4.63,0.01,0.1,0.99,0.5,0.02,0.27,0.171,0.17,"probability",2,1,0.00254718901387993,17,NA,"C2YVNB",2
165,165,"9beea2db39d1203b",1533269712764.69,24,"f",3,4,1,2,1,2,2,5,1,5,3,4,10,90,NA,NA,NA,1.75,3.5,2.63,0.04,0.1,0.1,0.5,0.9,0.27,0.171,0.05,"probability",2,0,0.534026106056135,5,NA,"0S0NX5",2
166,166,"98654ca2221b7cf1",1533271721900.93,44,"f",3,2,2,2,3,3,3,3,5,1,1,2,10,50,NA,NA,NA,2.75,2.5,2.63,0.02,0.1,0.1,0.5,0.5,0.27,0.171,0.5,"probability",2,0,0.465973893943865,50,NA,"6MIA7I",2
167,167,"d0fc57d61e5e9867",1533276070346.53,23,"m",4,4,3,4,3,4,5,2,5,2,2,50,68,45,NA,NA,NA,4,2.75,3.38,0.5,0.1,0.68,0.5,0.45,0.27,0.171,0.56,"probability",2,0,0.515191916614047,56,NA,"576O25",2
169,169,"43dab0b082ae3a92",1533279713153.88,22,"m",4,2,2,1,4,4,4,3,2,2,2,5,24,71,NA,NA,NA,3.25,2.25,2.75,0.05,0.1,0.24,0.5,0.71,0.27,0.171,0.05,"probability",2,0,0.534026106056135,5,NA,"KEKCDE",2
170,169,"1aca18c8b23a7d30",1533279816401.84,48,"f",2,2,1,5,5,6,6,5,6,1,2,2,90,10,NA,NA,NA,5.5,3.5,4.5,0.02,0.1,0.9,0.5,0.1,0.27,0.171,0.5,"probability",2,0,0.465973893943865,50,NA,"LBK1HC",2
171,171,"f87d2962899a4189",1533287320641.29,40,"m",3,2,1,4,3,3,4,3,2,3,2,3,5,30,NA,NA,NA,3.5,2.5,3,0.03,0.1,0.05,0.5,0.3,0.27,0.171,0.5,"probability",2,0,0.465973893943865,50,NA,"F4JRVR",2
